id,name,datetime,job_id,department_id
1,Stacey Walker,1996-02-02T13:17:36+00:00,2,3
2,Jasmine Sanders,2013-09-08T02:44:42+00:00,1,2
3,Amanda Roberts,1989-07-12T18:19:39+00:00,1,1
4,Sarah Wade,2021-12-17T21:39:11+00:00,2,2
5,Sabrina Moss,1976-09-06T05:45:25+00:00,1,3
6,Andrew Walton,1996-02-11T23:39:50+00:00,3,3
7,Ricky Arnold,2000-05-12T22:42:48+00:00,1,3
8,Erica Underwood,1977-05-22T02:49:29+00:00,1,2
9,Judy Castro,1988-12-01T20:01:40+00:00,3,2
10,Michelle Anderson,1976-09-15T18:18:34+00:00,2,3
11,Oscar Webb,1988-01-12T21:55:37+00:00,1,2
12,Michelle Fields,2018-06-29T15:11:39+00:00,2,3
13,David Lester,2001-05-20T22:20:34+00:00,1,2
14,Jeffery Stewart,2016-07-22T05:03:26+00:00,1,2
15,Joseph Webster,2009-01-11T09:06:32+00:00,2,1
16,Randy Figueroa,2007-10-13T21:16:32+00:00,2,3
17,Michael Johnson,2017-01-09T00:54:16+00:00,3,1
18,Kimberly Sparks,1991-10-24T04:58:24+00:00,2,2
19,Brian Cooper,2016-03-27T12:46:49+00:00,2,2
20,Mason Wilkins,1989-12-23T20:06:35+00:00,2,2
21,Eric Lee,1978-08-18T16:42:40+00:00,2,3
22,Christine Nixon,2010-05-14T05:04:17+00:00,1,2
23,Nicole Patton,2009-10-19T23:21:39+00:00,3,1
24,Timothy Flores,2022-04-23T14:19:24+00:00,3,2
25,Brooke Williams,2009-01-15T13:11:58+00:00,3,2
26,Tina Castillo MD,1991-08-27T16:54:42+00:00,3,2
27,David Adams,1994-03-23T01:01:55+00:00,3,1
28,Erin Garrett,2020-03-28T15:56:06+00:00,3,2
29,Amber Wagner,1978-10-31T16:21:48+00:00,2,2
30,Jamie Campbell,1972-12-27T08:30:01+00:00,2,2
31,Benjamin Jordan MD,1985-07-16T14:44:04+00:00,2,1
32,Richard Wilcox,2001-06-05T17:03:21+00:00,1,3
33,Jodi Steele,1984-02-27T18:20:08+00:00,1,3
34,Emily Farrell,2007-02-05T15:04:56+00:00,3,3
35,Danny Mayer,1974-11-17T05:04:16+00:00,2,2
36,Mary Tran,2021-08-31T08:45:07+00:00,1,1
37,Patrick Holland,1979-02-07T05:21:00+00:00,3,2
38,Monica Moses,2010-10-30T22:34:42+00:00,2,3
39,Amy Dominguez,1982-12-28T04:01:13+00:00,2,3
40,Brian Alexander,2001-11-05T20:00:09+00:00,2,1
41,Melissa Holland,2007-02-16T21:28:36+00:00,1,1
42,Mark Taylor,1994-12-22T05:06:15+00:00,2,1
43,John Garcia,1997-11-24T19:15:45+00:00,1,2
44,John Guerrero,1990-09-29T05:13:12+00:00,1,2
45,Deborah Wood,2007-08-02T20:52:26+00:00,3,1
46,Peter Underwood,2013-02-15T18:32:28+00:00,3,1
47,Laura Simmons,2009-12-29T02:47:59+00:00,3,3
48,Pamela Wood,1981-11-05T21:32:08+00:00,2,2
49,Justin Ross,2021-01-28T10:14:32+00:00,3,1
50,Amanda Greene,2007-04-17T22:12:06+00:00,3,3
51,Gregory Aguilar,1983-10-24T03:46:20+00:00,3,2
52,Brittany Bailey,2014-05-23T07:40:28+00:00,3,3
53,Morgan Hernandez,1995-02-05T14:08:14+00:00,1,2
54,Mark Blevins,1980-12-06T04:35:16+00:00,2,3
55,Matthew Jacobs,2000-04-15T21:42:55+00:00,1,3
56,Gary Hunter,2015-03-07T02:27:07+00:00,1,2
57,Dylan Graham,1992-09-23T15:46:53+00:00,2,2
58,Daniel Clay,2004-04-03T23:12:16+00:00,3,1
59,Tommy Valdez,1977-08-05T16:22:32+00:00,1,3
60,Patricia Keller,1975-08-04T01:55:24+00:00,1,2
61,John Sullivan,1976-01-08T05:06:57+00:00,2,1
62,Fernando Rodgers,1973-01-17T03:50:14+00:00,1,3
63,David Taylor,2005-07-23T14:54:48+00:00,2,3
64,Leslie Harvey,2016-02-03T13:34:10+00:00,1,3
65,Jeremy Ortiz,1993-05-17T21:37:31+00:00,1,2
66,Brad Harris,2016-12-27T11:26:30+00:00,3,3
67,Dr. Yvette Wagner,2009-06-23T05:29:52+00:00,1,2
68,Carmen Trevino,2015-06-17T22:32:58+00:00,2,2
69,Rebekah Lawson,2014-12-04T03:53:43+00:00,1,3
70,Alexandra Chaney,1984-06-19T09:54:44+00:00,1,2
71,Chad Johnson,1992-04-28T23:18:42+00:00,2,1
72,Gregory Arroyo,2000-10-26T16:53:11+00:00,1,2
73,Meagan Brown,1986-01-01T13:18:25+00:00,1,1
74,Eddie Joseph DDS,1979-02-08T02:29:38+00:00,1,2
75,Thomas Vasquez,1985-06-28T06:13:14+00:00,1,2
76,Stephanie Frazier,1981-12-21T23:03:18+00:00,2,2
77,Curtis Vega,1995-06-03T12:42:57+00:00,2,2
78,Michael Gonzalez,1980-11-15T04:48:23+00:00,3,3
79,Jacob Yoder,1976-12-09T13:11:20+00:00,1,2
80,Joshua Mcintosh,2008-01-05T01:55:01+00:00,2,3
81,Marissa Allen,1977-12-03T19:36:49+00:00,1,2
82,Cathy Barnett,1990-11-15T11:13:22+00:00,1,3
83,Morgan Weber,2021-02-24T05:57:52+00:00,3,3
84,Ryan Robinson,2011-02-21T06:23:21+00:00,1,3
85,Jamie Walton,2022-08-06T01:18:42+00:00,1,2
86,Alexandria Charles,1981-09-13T01:53:45+00:00,3,1
87,Debra Williams DDS,1990-05-18T14:12:41+00:00,3,1
88,Christopher Rivas,1990-08-11T05:53:05+00:00,3,2
89,Mrs. Alexandra Norris DDS,2009-02-13T20:09:31+00:00,2,2
90,Richard Mcdonald,1994-01-01T08:04:50+00:00,2,1
91,James Davenport,2015-11-20T21:44:41+00:00,1,3
92,Michael Sanchez,1996-07-31T08:29:06+00:00,3,1
93,Michelle Rosales,1984-06-24T23:31:06+00:00,3,3
94,Leslie Aguilar,1991-06-19T06:41:45+00:00,2,1
95,Paul Clarke,2005-09-16T16:10:57+00:00,1,3
96,Kristen Wood,2022-01-30T06:32:27+00:00,1,2
97,Gregory Malone,1992-12-03T18:26:59+00:00,3,2
98,Misty Garcia,1996-05-09T01:09:38+00:00,3,1
99,David Li,2006-07-24T06:21:31+00:00,1,1
100,Stacy Turner,1982-12-02T00:12:01+00:00,1,1
101,Garrett Houston,2010-07-27T02:57:03+00:00,1,3
102,Richard Velasquez,2003-09-27T09:16:05+00:00,2,2
103,Crystal Sandoval,2009-02-05T22:48:23+00:00,1,1
104,Andrew Thomas,1986-01-03T15:23:22+00:00,1,2
105,Anthony Moore,1990-02-01T07:52:18+00:00,3,1
106,Sierra Miller,2015-07-12T10:35:11+00:00,3,3
107,Jordan Waters MD,2021-11-21T06:28:11+00:00,1,3
108,Brandon Hanson,2021-12-11T04:49:22+00:00,1,1
109,Aaron Hamilton,1997-06-11T18:44:21+00:00,3,2
110,Adam Ramirez,2014-03-28T19:39:20+00:00,1,3
111,Paul Cook,1978-03-07T05:26:54+00:00,2,1
112,Scott Berry,1986-11-20T07:03:47+00:00,2,1
113,Olivia Reese,1985-12-23T13:16:52+00:00,3,2
114,Nicole Stanley,2011-06-25T04:23:36+00:00,2,1
115,Stephen Clayton,1996-12-19T15:19:14+00:00,3,1
116,Sarah Sloan,2006-06-08T01:54:21+00:00,2,3
117,Daniel Webb,1989-11-02T01:03:56+00:00,3,1
118,Emma Davis,2017-10-23T05:34:24+00:00,3,2
119,Bradley Mcgrath,2022-12-07T03:14:20+00:00,3,1
120,Erica Krause,1971-04-11T14:40:48+00:00,1,3
121,Sandra Butler,2022-07-08T18:46:03+00:00,1,1
122,Paul Mclean,2017-06-08T09:55:14+00:00,2,1
123,Victoria Maldonado,2021-09-19T19:01:07+00:00,3,3
124,Steven James,2010-01-14T22:41:35+00:00,2,1
125,Daniel Davis,1977-04-22T05:18:33+00:00,3,1
126,Nicole Davis,1980-08-02T07:08:13+00:00,1,1
127,James Owens,2003-06-28T09:57:05+00:00,3,3
128,Adam Cunningham,2005-05-05T16:37:46+00:00,1,1
129,Arthur Wood,1994-05-17T21:59:29+00:00,1,2
130,Linda Stewart,2011-12-15T03:25:41+00:00,2,1
131,Eddie Dixon,1988-03-17T07:54:24+00:00,3,1
132,Stephanie Lambert,1982-10-18T22:16:38+00:00,3,1
133,Micheal Jackson,1974-07-23T10:10:52+00:00,1,3
134,Victoria Martin,2009-03-26T01:06:17+00:00,2,1
135,Becky Wise,2015-03-05T08:11:14+00:00,1,2
136,Victoria Oliver,1982-07-02T07:35:32+00:00,2,1
137,Kelly Harrison,1988-04-03T08:11:48+00:00,3,3
138,Misty Cameron,1981-10-07T23:16:13+00:00,1,3
139,Michelle Zuniga,2013-03-30T19:00:42+00:00,1,3
140,Jerry Gould,1976-04-29T05:50:34+00:00,3,3
141,Brittany Mcguire,1981-04-30T13:35:43+00:00,2,2
142,Steven Mora,2007-07-16T06:09:34+00:00,1,3
143,Alexandria Goodwin,2021-02-11T22:30:08+00:00,1,1
144,Destiny Kirby,2003-01-16T11:15:48+00:00,3,1
145,Corey Farrell,2001-01-14T01:11:48+00:00,2,2
146,Mark Anderson,1979-03-28T02:12:00+00:00,1,1
147,Joseph Stein,1982-07-02T21:53:29+00:00,3,3
148,Sara Bauer,2003-02-10T10:34:45+00:00,3,1
149,Jessica Foster,2005-01-20T04:45:35+00:00,1,3
150,Timothy Barton MD,1973-01-22T14:56:29+00:00,2,3
151,Kristy Merritt,1985-01-14T06:41:39+00:00,2,3
152,Kevin Kramer,1978-01-24T07:42:09+00:00,1,3
153,William Morales Jr.,2011-07-05T02:15:09+00:00,2,3
154,Lauren Wright,2011-12-02T10:40:01+00:00,3,3
155,Jeff Parker,1978-07-03T20:14:16+00:00,2,1
156,Kelly Owens,1991-10-16T16:43:02+00:00,2,1
157,Fernando Hernandez,2017-08-23T09:21:10+00:00,2,3
158,Whitney Gordon,1970-12-17T05:35:46+00:00,1,3
159,Francisco Sosa,1995-09-24T19:26:49+00:00,2,3
160,Thomas Love,2011-03-11T05:59:32+00:00,2,1
161,Susan Monroe,1970-10-02T23:55:55+00:00,3,1
162,Laurie Brown,2020-02-24T21:19:03+00:00,2,3
163,Daniel Spencer,1995-12-04T12:21:44+00:00,1,2
164,Thomas Bond,1971-05-02T16:48:28+00:00,3,2
165,Timothy Robinson,2015-12-24T02:41:58+00:00,1,1
166,Matthew Harris,2000-02-19T23:17:10+00:00,3,1
167,Jack Lewis,1992-05-29T02:05:37+00:00,3,1
168,Virginia Thompson,2007-07-25T10:21:58+00:00,1,1
169,Brianna Johnson MD,1983-01-27T22:22:35+00:00,2,3
170,Dillon Mcgee,1995-01-15T06:51:18+00:00,1,2
171,Erica Turner,1992-08-29T07:24:43+00:00,2,2
172,Mrs. Melanie Keller PhD,2009-05-20T10:03:11+00:00,1,3
173,Mark Baker,1995-09-25T08:48:48+00:00,1,1
174,Robert Webb,2003-10-22T10:22:51+00:00,2,2
175,David Reynolds,2010-11-29T00:40:16+00:00,3,3
176,Tiffany Ferguson,2008-02-29T16:26:40+00:00,2,3
177,Jessica Hensley,2011-08-15T08:07:45+00:00,2,1
178,Monique Martin,2010-04-28T13:07:33+00:00,2,2
179,Jill Johnson,2009-08-07T20:43:35+00:00,2,3
180,William Ward,2018-01-26T04:07:01+00:00,3,1
181,Dr. Jeffrey Wagner,1979-06-13T06:32:00+00:00,2,1
182,Matthew Chambers,2014-03-13T14:54:46+00:00,3,2
183,Jimmy Williams,1984-08-20T22:32:30+00:00,1,1
184,Erica Day,2003-12-04T01:29:29+00:00,2,1
185,Nathan Cortez,1992-02-22T03:42:20+00:00,2,3
186,Brittany Lowe,1989-09-27T19:20:25+00:00,3,3
187,Lawrence Ramirez,2002-01-28T00:20:13+00:00,1,1
188,Justin Sanchez,1981-02-03T20:09:06+00:00,2,3
189,Brian Clark,1980-04-16T20:05:11+00:00,1,3
190,Joseph Lara,1997-03-20T06:42:24+00:00,3,2
191,Frank Collins,1995-10-11T13:40:51+00:00,2,1
192,Anthony Wood,1988-05-20T01:19:52+00:00,1,3
193,Michael Aguilar,2006-07-20T10:27:45+00:00,1,1
194,Larry Walker,1990-12-25T01:46:15+00:00,1,1
195,Randy Pearson,1993-12-14T17:03:53+00:00,1,3
196,Barry Harris,2000-08-21T13:38:08+00:00,1,1
197,Kelsey Rodriguez DDS,1973-07-10T16:32:32+00:00,1,2
198,Garrett Maddox,1981-06-03T22:22:26+00:00,2,2
199,Lauren Thomas,1977-08-09T18:03:09+00:00,2,2
200,Michael Spencer,2010-10-09T22:56:11+00:00,1,3
201,Tina Johnson,2017-03-22T10:18:16+00:00,2,1
202,Caroline Hayes,2005-10-21T02:44:30+00:00,1,3
203,Ashley Coleman,1988-09-11T05:32:16+00:00,1,1
204,Maria Lucas,1997-10-13T06:18:12+00:00,2,3
205,Douglas Clark,1971-08-15T11:27:47+00:00,3,1
206,John Young,1995-10-24T23:11:18+00:00,1,3
207,Taylor Walters,1975-01-06T22:55:21+00:00,1,1
208,John Andrade,1983-05-15T20:18:52+00:00,3,1
209,Shaun Thomas,1994-12-12T02:05:13+00:00,3,3
210,Katie Coleman,2000-07-01T10:35:55+00:00,3,1
211,Tyler Campbell,2002-09-22T23:30:21+00:00,3,3
212,Javier Peterson,1974-02-22T14:03:04+00:00,2,2
213,John Garcia,2013-03-22T19:42:16+00:00,1,1
214,Cody Sanchez,1974-08-10T03:01:02+00:00,1,1
215,Tammy Lucas,2010-10-10T04:01:37+00:00,1,2
216,Ricky Maldonado,2014-09-22T10:14:19+00:00,2,2
217,Nathaniel Livingston,2003-02-13T15:07:33+00:00,3,3
218,Taylor Nguyen,1993-05-28T07:19:52+00:00,3,1
219,Antonio Baker,1973-01-13T04:17:30+00:00,2,1
220,Ricardo Farrell,1982-06-11T16:12:56+00:00,2,2
221,Stephanie Robinson,1982-10-05T22:32:13+00:00,1,1
222,Adam Bullock,1976-08-28T10:13:04+00:00,3,2
223,Derek Yang,1998-04-10T04:26:18+00:00,1,2
224,Erin Jackson,1990-09-29T13:44:51+00:00,1,2
225,Kimberly Lawson,2022-11-26T05:32:42+00:00,3,3
226,Charles Martinez,1980-06-25T10:57:10+00:00,3,3
227,Suzanne Holmes,2001-05-16T01:10:26+00:00,3,2
228,William Moran,1998-10-06T04:40:04+00:00,2,3
229,John Walker,2007-07-05T01:32:51+00:00,2,3
230,Joel Chapman,2008-08-08T21:47:05+00:00,2,3
231,Teresa May,2011-08-18T14:07:17+00:00,1,3
232,Jasmine Moore,1995-02-06T21:31:09+00:00,2,3
233,Raymond Lee,2021-10-19T06:04:27+00:00,2,1
234,Joshua Jefferson,1973-09-05T16:04:46+00:00,2,1
235,Monica Craig,2010-12-05T19:00:30+00:00,3,3
236,Anna Cooley,1999-07-29T06:01:26+00:00,3,3
237,Paul Martinez,1994-12-27T12:04:17+00:00,1,2
238,Robert Henry,2012-01-17T12:04:52+00:00,2,1
239,Christopher Lindsey,2021-03-08T03:33:19+00:00,2,3
240,Matthew Cline,2004-08-25T05:12:45+00:00,2,2
241,Tyler Pierce,2005-08-06T03:49:12+00:00,2,2
242,Michael Pennington,2013-09-02T04:13:39+00:00,3,2
243,Jesus Reed,1987-09-15T15:38:16+00:00,3,2
244,Amy Sandoval,1992-05-29T14:39:39+00:00,3,1
245,Derek Rollins,2004-01-29T01:30:59+00:00,3,2
246,Michael Paul,1981-06-15T13:44:29+00:00,3,1
247,Roy Proctor,1981-07-31T22:06:48+00:00,2,1
248,Taylor Caldwell,1990-08-16T12:00:55+00:00,1,1
249,Monica Kidd,2018-01-11T22:19:07+00:00,3,1
250,Daniel Russell,2006-01-27T05:15:17+00:00,2,3
251,Lauren Oneill,1980-12-28T04:44:55+00:00,2,3
252,Linda Mason,2006-12-21T05:13:56+00:00,2,2
253,Mark Woods,1983-06-06T04:18:41+00:00,3,1
254,John Tran,1972-06-23T08:06:05+00:00,1,3
255,David Adams,2000-03-06T13:12:59+00:00,3,3
256,Lisa Rice,2007-11-03T18:19:04+00:00,3,2
257,Joyce Figueroa,2004-03-23T02:11:58+00:00,1,1
258,Victoria Sanchez,2021-10-13T06:29:56+00:00,1,1
259,Rachel Mckenzie,2002-02-03T14:35:34+00:00,1,1
260,Tim Macdonald,2012-06-03T22:31:05+00:00,2,3
261,Andrew Taylor,1982-08-29T02:26:51+00:00,2,2
262,Randy Stout,1996-12-03T05:21:44+00:00,2,1
263,Jason Martinez,1979-01-14T06:08:03+00:00,1,3
264,Joseph Moss,1997-08-18T01:58:00+00:00,3,1
265,Abigail Hanson,1982-11-07T19:43:55+00:00,3,2
266,Elijah Martin,1986-06-18T10:16:16+00:00,1,1
267,Mrs. Regina Chavez,2017-10-27T06:18:59+00:00,2,3
268,Aaron Graham,1976-08-08T20:14:15+00:00,1,1
269,Julie Nielsen,1987-04-23T03:12:04+00:00,2,2
270,Adam Hernandez,1978-10-05T11:01:38+00:00,1,2
271,Renee James,1981-09-07T01:49:37+00:00,2,2
272,David Lambert,1973-03-30T16:33:23+00:00,3,1
273,Donna Adams,2010-11-13T17:22:04+00:00,1,2
274,Jessica Santos,1992-09-17T07:51:19+00:00,2,1
275,Derrick Page,1972-06-06T07:55:31+00:00,3,3
276,Darren Marquez,1989-12-08T02:05:38+00:00,1,1
277,Ricky Morgan,1978-08-12T14:51:34+00:00,2,2
278,Scott Martinez,2023-02-18T22:03:59+00:00,3,2
279,Adriana Ruiz,2000-09-01T06:10:04+00:00,3,1
280,Carl Nelson,1981-12-05T17:09:43+00:00,2,1
281,Dorothy Sanchez,1975-11-03T00:07:00+00:00,1,3
282,Kayla Brown MD,1972-01-27T04:14:44+00:00,1,3
283,Amanda Perez,1995-01-20T15:44:54+00:00,3,2
284,Jeffrey Rogers,1980-03-21T08:57:25+00:00,3,1
285,Christopher Rice,1989-03-07T09:29:41+00:00,1,3
286,Tony Boyle,1989-06-27T21:15:58+00:00,3,1
287,Michael Rogers II,2009-07-03T09:16:01+00:00,3,2
288,Richard Rivera,1990-05-03T22:53:41+00:00,3,3
289,Patrick Bishop,1984-01-27T17:06:34+00:00,2,3
290,Patricia Gross,1996-08-16T09:07:01+00:00,3,3
291,Nancy Santos,1989-09-27T19:05:20+00:00,1,2
292,Michael Russell,1983-01-29T21:03:17+00:00,3,1
293,Melissa Pratt,1973-12-16T23:11:18+00:00,3,3
294,Wayne Harrison,1974-04-16T14:47:05+00:00,3,1
295,Michael Simpson,1999-12-25T19:06:59+00:00,1,1
296,Christopher Chambers,2001-07-19T09:56:40+00:00,3,2
297,Tammy Peterson,2003-06-17T03:22:54+00:00,2,1
298,Gabriella Taylor,1988-02-27T18:27:11+00:00,1,3
299,Jacqueline Lyons,1973-04-14T21:48:12+00:00,2,1
300,Elizabeth Lam,2012-04-07T00:30:32+00:00,3,1
301,Victoria Day,1973-07-05T04:50:21+00:00,1,1
302,Jonathan Freeman,2014-10-08T04:18:02+00:00,2,3
303,Kathryn Cunningham,1992-10-14T23:10:22+00:00,3,3
304,Kelsey Lewis,2021-06-27T15:44:05+00:00,1,2
305,Heidi Stephenson,2009-03-13T03:00:20+00:00,1,2
306,Kelly Nguyen,1971-05-05T07:01:54+00:00,3,3
307,Ashley Walker,1982-06-05T21:51:01+00:00,2,3
308,Alan Chandler,1992-07-20T22:03:35+00:00,3,2
309,Briana Harrell,2006-09-23T11:45:59+00:00,2,3
310,Danielle Davis,2011-07-20T13:16:39+00:00,2,2
311,Margaret Scott,2015-05-22T20:35:28+00:00,2,2
312,Jacqueline Ruiz,1991-06-03T16:03:36+00:00,2,1
313,Tyler Patton,2003-05-19T13:49:53+00:00,3,1
314,Megan Turner,1994-10-31T10:27:52+00:00,3,2
315,Patricia Taylor,1979-06-25T03:31:18+00:00,1,3
316,Laura Franklin,2012-10-15T05:25:29+00:00,2,2
317,Lawrence Le,1982-11-29T05:41:46+00:00,1,3
318,Anita Kelley,2009-01-04T20:04:36+00:00,2,1
319,Adam Sanchez,1994-07-15T14:36:46+00:00,3,3
320,Robert Valencia,1985-05-16T01:45:50+00:00,2,1
321,Sara Jackson,2003-05-31T09:53:30+00:00,1,2
322,Steven Mcintosh,2020-06-20T17:54:58+00:00,1,1
323,David Ryan,1982-12-20T04:30:52+00:00,1,2
324,Tanya Chase,1990-02-21T11:30:49+00:00,2,1
325,Willie Richmond,1980-02-22T09:29:55+00:00,1,2
326,Angela Davis,2004-09-16T14:02:56+00:00,2,2
327,Theresa Jennings,1985-07-25T02:18:54+00:00,2,1
328,Abigail Bowman,2020-08-29T08:09:48+00:00,3,3
329,Pamela King,1998-12-16T20:11:10+00:00,1,1
330,Norma Watts,2000-12-02T04:01:22+00:00,2,3
331,Dr. William Williams MD,2013-10-31T11:54:22+00:00,2,3
332,Debbie Wyatt,1973-07-06T22:12:21+00:00,3,1
333,Sharon Henry,1990-09-06T08:54:24+00:00,3,2
334,Corey Rodriguez,2013-05-20T20:02:58+00:00,1,1
335,Beth Scott,1998-03-06T21:27:44+00:00,3,1
336,Cindy Thornton,2009-03-08T11:46:46+00:00,2,2
337,Mrs. Heidi West,2006-04-10T15:07:45+00:00,2,1
338,Matthew Martinez,1983-08-09T08:56:08+00:00,1,2
339,John Kelly,1997-08-25T03:33:53+00:00,2,1
340,Mrs. Christina Smith,2002-03-04T10:21:56+00:00,3,1
341,Leah Webb,1984-07-20T21:33:51+00:00,3,2
342,Eugene Goodwin,1982-06-16T09:42:56+00:00,1,2
343,Betty Austin,1975-08-06T12:03:07+00:00,1,2
344,Christopher Taylor,1982-05-20T22:08:37+00:00,1,2
345,David Townsend MD,1971-09-27T21:05:20+00:00,2,1
346,Steven Coffey,2017-03-09T05:27:11+00:00,2,3
347,Amber Foster,1975-02-10T18:39:22+00:00,1,2
348,Katherine Jones,1986-03-21T09:27:52+00:00,2,2
349,Beth Dougherty,1995-04-12T10:34:23+00:00,1,1
350,Jason Nicholson,2013-05-06T09:16:34+00:00,3,2
351,Christopher Johnson,1982-11-22T03:14:40+00:00,1,1
352,Jason Greer,2002-07-19T22:29:22+00:00,1,3
353,Eric Taylor,1971-11-22T11:23:08+00:00,2,2
354,Nicholas Riley,2018-08-17T04:53:25+00:00,3,3
355,Dean Strong,1992-04-04T03:56:06+00:00,1,3
356,Julia Clements,1973-09-13T11:30:03+00:00,1,1
357,Susan Marks,2007-05-03T19:28:47+00:00,2,3
358,Carla Dawson,1987-12-28T05:18:16+00:00,3,1
359,Danielle Diaz,1976-09-23T01:45:45+00:00,1,2
360,Reginald Dixon,1991-03-06T08:09:43+00:00,2,1
361,William Miller,2007-03-21T23:14:01+00:00,2,1
362,Robin Craig,1972-05-09T17:54:44+00:00,2,3
363,Christine Davis,2003-08-01T09:16:25+00:00,3,3
364,Nancy Rush,1989-11-13T08:48:51+00:00,1,3
365,Amber Hernandez,1995-05-30T15:17:38+00:00,2,2
366,Alexis Hart,2010-07-27T14:43:08+00:00,1,1
367,Zachary Rivera,1977-04-23T03:26:05+00:00,3,2
368,Russell Gill,2004-11-10T14:02:52+00:00,1,1
369,Deborah Singh,2000-07-22T18:44:43+00:00,2,3
370,Jason Kelly,2015-08-21T23:31:22+00:00,2,3
371,Tabitha Burch,1991-03-04T06:34:39+00:00,2,1
372,Jamie Curry,2020-12-24T15:49:21+00:00,3,1
373,Hayley Wilson,2017-11-12T14:17:47+00:00,3,1
374,Laura Galvan DVM,2011-09-22T12:30:30+00:00,1,3
375,Mr. Pedro Diaz,1971-04-05T05:21:28+00:00,3,3
376,Kathryn Johnson,2013-06-05T22:42:59+00:00,2,1
377,Paul Carey,1973-02-02T20:32:59+00:00,2,3
378,Michael Allen,1991-04-29T12:37:55+00:00,3,1
379,Eddie Mcintyre,1972-12-01T06:15:36+00:00,2,2
380,Jermaine Herrera,1985-07-31T16:15:40+00:00,1,2
381,Mark Walters,1998-07-03T21:47:22+00:00,3,1
382,Cameron Avila MD,1975-10-21T07:00:08+00:00,2,1
383,Jose Myers,1999-05-23T12:28:11+00:00,3,2
384,Sandra Parker,1989-09-04T13:25:11+00:00,3,1
385,Steve Velez,2009-07-11T04:41:31+00:00,1,1
386,Patrick Harris,2023-02-01T07:10:13+00:00,3,3
387,Taylor Arnold,1976-09-03T08:01:50+00:00,3,1
388,Bobby Clark,2002-07-22T08:07:35+00:00,3,2
389,Christina Larson,2005-01-15T15:48:14+00:00,2,1
390,Christopher Johnson,1998-08-24T04:57:25+00:00,3,2
391,Darin Stewart,1970-07-20T14:03:53+00:00,1,3
392,Tony Mcdonald,1991-08-22T02:02:52+00:00,2,1
393,Colin Jones,2000-09-13T03:45:32+00:00,3,1
394,Dana Rojas,2009-12-30T07:20:07+00:00,3,3
395,James Valenzuela,1980-11-18T21:15:58+00:00,3,1
396,Jennifer Keller,2016-08-16T04:27:30+00:00,1,2
397,Jasmine Ballard,2010-08-11T11:04:23+00:00,3,2
398,Katelyn Barnett,1981-03-15T21:45:17+00:00,3,2
399,Rebecca Cantrell,1991-01-05T01:51:50+00:00,2,1
400,Vincent Brady,1971-04-11T09:14:39+00:00,1,3
401,Ashley Smith,1989-01-17T02:44:20+00:00,2,3
402,Aaron Butler,2009-06-19T13:45:46+00:00,2,2
403,Thomas Butler,1971-07-10T17:28:19+00:00,2,2
404,Abigail Abbott,2020-12-31T21:17:41+00:00,2,3
405,Catherine Richardson,2002-05-10T13:07:39+00:00,3,3
406,Laura Reynolds,1990-12-30T10:46:58+00:00,1,1
407,Felicia Chaney,1978-10-28T21:18:26+00:00,3,3
408,Elizabeth Delgado,1999-11-27T13:02:29+00:00,3,1
409,Mrs. Brenda Thomas,1987-02-04T07:49:51+00:00,2,2
410,Laura Gomez,1988-02-15T02:50:02+00:00,2,1
411,Joseph Williams,1993-08-23T18:31:22+00:00,3,1
412,Alec Jones,1991-10-20T21:50:50+00:00,1,1
413,Dennis Miller,1980-10-06T14:38:33+00:00,2,3
414,Dennis Allen,1979-05-25T10:48:52+00:00,2,2
415,Joshua Cooke,2006-01-27T04:35:16+00:00,3,2
416,Shawn Gallegos,1987-11-28T09:07:39+00:00,1,3
417,Jamie Johnson,2003-01-06T12:33:09+00:00,3,2
418,Paula Burke,2013-05-15T13:14:21+00:00,3,3
419,Frederick Rivera,1990-07-23T03:52:48+00:00,1,2
420,Amanda Hill,2005-12-29T14:01:42+00:00,1,1
421,Kristin Dawson,1990-02-03T11:10:12+00:00,2,2
422,Elizabeth Trujillo,2018-02-25T14:42:47+00:00,2,3
423,Spencer Campbell,1981-04-06T10:53:41+00:00,1,3
424,Laura Sawyer,1996-05-22T12:17:06+00:00,3,3
425,Darryl Scott,1980-02-15T08:14:26+00:00,2,1
426,Stephanie Wright,1985-03-04T15:31:47+00:00,1,2
427,Rachel Flynn,2012-11-18T07:36:57+00:00,1,3
428,Kimberly Vincent,2008-04-26T04:07:29+00:00,1,1
429,Thomas Carroll,1981-11-04T22:27:18+00:00,2,1
430,Amy Bird,2006-03-03T13:52:45+00:00,3,1
431,Alexandria Mercer,2011-05-07T17:45:58+00:00,1,2
432,Richard Smith,1984-05-11T11:12:03+00:00,2,3
433,Ariana Lloyd,1992-07-10T13:49:33+00:00,1,3
434,Krista Watson,2000-02-08T07:49:55+00:00,3,1
435,Crystal Ryan,1996-04-24T16:42:41+00:00,1,2
436,Leah Stewart,1975-09-30T16:24:15+00:00,1,2
437,Hector Washington,1970-05-21T12:20:19+00:00,1,2
438,Isaiah Sanders,2022-08-28T10:16:55+00:00,1,1
439,Christina Bautista,2012-10-16T13:43:05+00:00,2,3
440,Gary Cisneros,1981-11-27T21:08:32+00:00,3,3
441,Anthony Chandler DVM,1999-06-08T12:47:25+00:00,3,2
442,Denise Keller,1982-06-10T10:31:13+00:00,3,2
443,Nancy Garza,1971-02-25T14:46:01+00:00,3,1
444,Kevin Mills,1983-10-27T05:32:32+00:00,2,1
445,Tracy Reed,1992-05-31T15:01:45+00:00,3,1
446,Kimberly Knight,2016-11-17T21:19:19+00:00,3,1
447,Dustin Estrada,2018-06-11T06:34:01+00:00,1,3
448,Jamie Hart,1990-10-01T17:46:23+00:00,3,2
449,Jordan Kim,1970-03-26T12:44:35+00:00,2,3
450,Richard Flores,2013-04-05T16:32:23+00:00,3,2
451,Jessica Davis,1981-01-05T16:39:55+00:00,1,1
452,Madison George,1971-02-06T18:28:50+00:00,1,1
453,Tina Powell,1989-06-08T22:49:40+00:00,1,2
454,Marc Reed,2013-09-01T19:53:01+00:00,1,1
455,Sara Nguyen,2008-03-08T14:45:45+00:00,1,2
456,Jesse Odom,1987-07-19T22:49:20+00:00,2,1
457,Jose Smith,1970-02-07T16:54:48+00:00,1,3
458,William Schmidt,2002-08-10T21:42:21+00:00,3,1
459,Melissa Sawyer,1996-03-23T09:36:14+00:00,3,1
460,Paul Arellano,1976-08-24T05:09:27+00:00,2,3
461,Charles Flores,1981-07-08T03:30:46+00:00,2,1
462,Kelly Anderson,1977-05-16T20:48:52+00:00,2,1
463,Courtney Williams,2001-06-07T02:43:55+00:00,3,3
464,Samuel Morgan,1974-08-23T03:11:21+00:00,1,2
465,Lisa Sanchez,1996-02-13T17:24:10+00:00,2,1
466,Kimberly Alexander,1999-06-20T18:35:54+00:00,3,2
467,Tyrone Lewis,1983-07-11T22:12:15+00:00,1,2
468,Edward Carr,1971-12-12T18:09:45+00:00,1,2
469,Patty Lopez,1974-09-09T22:46:39+00:00,2,2
470,Elizabeth Rogers,1980-06-23T16:43:41+00:00,3,3
471,Erin Martin,1974-07-17T07:04:39+00:00,2,3
472,Alan Clark,2011-05-15T22:19:45+00:00,3,3
473,Mary Warner,1993-09-12T15:20:19+00:00,2,3
474,Alex Patel,2004-02-26T02:00:27+00:00,2,2
475,Kristopher Garcia,2013-06-23T03:05:46+00:00,2,1
476,Robert Reid,1997-03-30T22:36:22+00:00,2,1
477,Hannah Ramos,2018-10-30T05:25:43+00:00,1,3
478,Deborah David,1997-11-05T06:30:42+00:00,1,2
479,Lisa Smith,2013-09-29T04:19:42+00:00,3,2
480,Ryan Snow,1997-01-03T00:30:34+00:00,1,3
481,Douglas Sweeney,2018-02-20T02:42:46+00:00,3,3
482,Morgan Brown,1971-08-08T15:10:29+00:00,1,1
483,Ruben Curry,1975-05-05T20:02:52+00:00,3,3
484,Ashley Davis,1988-04-28T01:26:22+00:00,3,2
485,Joshua Smith,1980-09-15T05:57:14+00:00,3,3
486,Patricia Wells,1991-11-25T16:07:22+00:00,3,3
487,David Hernandez,1974-02-27T05:18:18+00:00,2,3
488,Rachel Walls,1977-06-23T20:41:03+00:00,2,3
489,Jeremiah Miller,2004-11-14T06:50:12+00:00,3,3
490,Ms. Lauren Patton,1993-09-18T05:44:56+00:00,1,2
491,Heather Jones,2022-08-12T14:19:28+00:00,3,3
492,Emma Cochran,1980-03-13T21:28:55+00:00,1,2
493,Sherry Martinez,1986-12-15T13:19:03+00:00,2,3
494,Jared Lewis,2012-11-06T09:40:37+00:00,3,3
495,Deborah Parks,1971-04-11T15:48:56+00:00,2,2
496,Steven Keller,2000-10-23T11:21:41+00:00,3,2
497,Christopher Vaughn,2015-01-23T19:23:55+00:00,1,1
498,Nicole Jones,2011-01-08T22:52:52+00:00,1,2
499,Jack Frazier,1985-05-07T01:22:43+00:00,3,3
500,Ariana Robinson,2013-06-06T02:45:09+00:00,2,2
501,Katrina Clay,1992-03-14T04:58:31+00:00,2,2
502,Kristen Warner,1984-01-30T07:28:18+00:00,1,3
503,Jordan Luna,2013-08-23T15:29:59+00:00,1,3
504,Leslie Zavala MD,1984-11-27T13:20:12+00:00,2,3
505,Anthony Jackson,1999-03-07T01:39:36+00:00,3,3
506,Tara Carter,1982-10-18T08:35:08+00:00,2,1
507,Katherine Powell,1994-07-09T03:09:50+00:00,1,3
508,Dr. Angela Gonzales,2019-03-13T23:43:08+00:00,1,1
509,Autumn Henry,1989-06-12T08:23:18+00:00,1,2
510,Megan Knight,1977-06-27T20:59:37+00:00,1,1
511,Kayla Henderson,1978-01-26T17:35:26+00:00,3,2
512,Joseph Hanson,2013-05-02T19:21:49+00:00,3,1
513,Annette Deleon,1990-06-20T11:44:25+00:00,2,3
514,Douglas Andersen,1993-10-24T17:14:59+00:00,2,2
515,Crystal Logan,2014-01-24T18:12:39+00:00,1,2
516,Brian Medina,2002-09-11T17:05:56+00:00,1,3
517,Jessica Trevino,1986-09-06T11:28:13+00:00,3,3
518,Jennifer Black,2005-05-26T03:57:51+00:00,1,1
519,Gary Jacobson,1974-03-02T13:36:52+00:00,3,1
520,Douglas Harrison,2002-05-27T15:52:12+00:00,3,2
521,Daniel Mendoza,1997-04-15T09:10:38+00:00,1,3
522,Christina Moore,1990-02-17T03:22:21+00:00,3,3
523,Donald Hoover,2017-10-01T04:32:27+00:00,3,1
524,Destiny Underwood,1974-07-27T07:34:44+00:00,1,2
525,John Harris,1980-09-10T10:00:24+00:00,3,2
526,Mrs. Priscilla Logan,2021-08-10T18:38:10+00:00,3,2
527,Carol Ryan,1994-06-12T10:46:14+00:00,2,2
528,Kenneth Jones,1975-03-24T07:23:23+00:00,2,2
529,William Franco,1986-10-01T16:52:03+00:00,1,1
530,Jeffrey Mcgee,2006-12-16T17:48:48+00:00,2,1
531,Daniel Brown,2000-07-22T12:55:09+00:00,3,3
532,Mikayla Smith,1970-04-20T03:03:41+00:00,1,1
533,Adam Glenn,1975-10-16T05:26:25+00:00,1,2
534,Jared Jones,2004-03-19T00:49:57+00:00,2,2
535,Jacob Green,2016-06-02T12:50:09+00:00,2,2
536,Erin Lewis,2005-08-07T12:07:34+00:00,2,3
537,Thomas Wilson,1993-01-22T15:19:07+00:00,1,1
538,Valerie White,2011-12-23T07:41:30+00:00,3,2
539,Barbara Klein,1970-06-11T18:45:21+00:00,3,3
540,Stephanie Carrillo,2011-01-07T16:26:10+00:00,3,3
541,Michele Cruz,1971-02-06T10:20:41+00:00,3,1
542,Jessica Newman,2006-10-17T23:21:36+00:00,2,3
543,Ashley Martin,2011-08-17T13:41:12+00:00,2,2
544,David Horton,1998-03-07T03:44:07+00:00,3,1
545,Michael Brewer,2018-07-21T21:11:53+00:00,1,1
546,Jo Li,2003-12-28T05:53:20+00:00,3,3
547,Paul Hutchinson,2018-03-16T12:44:23+00:00,2,2
548,Douglas Brown,1983-09-08T08:38:12+00:00,3,2
549,Samantha Taylor,2021-08-18T02:21:04+00:00,1,2
550,Jeffrey Ferguson,1988-05-27T13:34:59+00:00,1,2
551,Kimberly Doyle,1977-01-28T05:37:54+00:00,2,1
552,Catherine Johnson,1973-02-17T14:28:13+00:00,2,1
553,Jessica Norman,1994-04-11T13:38:03+00:00,3,3
554,John Garcia,1979-09-29T16:03:22+00:00,2,2
555,Erika Romero,2021-01-14T07:19:46+00:00,2,1
556,Karen Turner,2002-10-15T10:39:42+00:00,2,3
557,Stacy Decker,2011-01-02T04:06:43+00:00,2,1
558,Debra Hall,1992-12-22T15:11:38+00:00,1,1
559,Christopher Fields,2008-07-26T11:25:16+00:00,3,2
560,Jason Hensley,1989-12-16T13:20:31+00:00,3,2
561,Katherine Hicks,1989-12-15T02:07:14+00:00,1,3
562,Patricia Lee,2006-03-03T08:42:14+00:00,3,3
563,Leslie Cook,1976-11-23T18:05:35+00:00,3,1
564,Mike Cobb,1997-12-25T15:59:24+00:00,3,3
565,Cheryl Potts,2016-06-09T16:23:17+00:00,2,1
566,William Taylor,1983-10-03T16:24:07+00:00,2,2
567,Patrick Fernandez,1985-12-19T23:33:21+00:00,3,3
568,Rick Phelps,2004-06-19T20:02:15+00:00,1,2
569,Mr. Anthony Aguirre,1993-09-24T08:48:43+00:00,1,1
570,Michael Harvey,1980-08-21T16:33:33+00:00,3,2
571,Vickie Hodge,1992-10-30T05:30:41+00:00,2,3
572,Aaron Johnson,2004-08-01T21:37:25+00:00,2,3
573,Vickie Knight,1970-01-21T16:37:59+00:00,1,2
574,Danny Doyle,1978-07-19T10:01:37+00:00,1,3
575,Christopher Weber,1994-06-20T03:00:22+00:00,2,3
576,David Brandt,2001-02-15T23:47:06+00:00,2,3
577,Connor Beltran,2022-05-12T10:13:04+00:00,1,2
578,Paula Burns,1990-05-16T07:08:56+00:00,1,2
579,Terry Myers,2001-06-11T21:48:59+00:00,1,2
580,Kathy Hernandez,1998-02-25T04:35:42+00:00,3,3
581,Dr. Sarah Nelson,1995-07-08T01:50:35+00:00,1,2
582,Brian Jimenez,2017-09-05T11:06:32+00:00,3,1
583,Mary Franco,1970-01-16T07:33:14+00:00,1,2
584,Johnathan Ramirez,2014-05-09T04:00:33+00:00,3,2
585,Jennifer Blair,2023-02-27T19:54:34+00:00,3,1
586,Kenneth Thomas,2002-08-29T09:20:29+00:00,1,1
587,Joseph Mendez,1981-01-04T04:13:13+00:00,1,1
588,Ryan Taylor,1977-11-04T01:09:48+00:00,1,3
589,Yvonne Burton,2000-04-29T19:45:58+00:00,2,3
590,William Jones,2013-07-11T18:10:18+00:00,3,1
591,Jacob Campbell,2017-10-10T17:03:36+00:00,3,3
592,Nancy Dorsey,1986-07-26T22:19:07+00:00,1,3
593,Morgan Taylor,1997-10-24T15:04:44+00:00,2,3
594,Gina Morgan,1998-10-16T07:27:14+00:00,2,3
595,Mary Thomas,2012-12-17T10:42:09+00:00,2,3
596,Joseph Brown,2005-05-17T17:05:53+00:00,1,3
597,Hannah Vazquez,1976-11-16T20:31:55+00:00,3,2
598,Vanessa Riley,1999-05-22T15:11:51+00:00,2,1
599,Paula Tapia,2018-12-17T10:36:32+00:00,2,1
600,Ross Ortega,1980-08-24T11:00:51+00:00,2,3
601,Ann Bradley,2021-08-08T09:12:37+00:00,3,3
602,Jodi Chapman,1972-06-03T00:23:16+00:00,1,1
603,Shane Maldonado,1990-08-22T23:41:21+00:00,2,3
604,Martin Smith,2000-09-14T22:30:54+00:00,1,2
605,Brenda Wallace,1975-10-16T05:08:49+00:00,3,2
606,Erin Anderson,2002-08-23T10:41:42+00:00,3,2
607,Deanna Williams,1973-12-04T18:51:29+00:00,2,1
608,Tyler Williams,2018-07-29T19:49:19+00:00,1,1
609,Caroline Davis,1994-01-20T18:30:36+00:00,3,1
610,Jennifer Gordon,1979-08-07T04:34:33+00:00,3,3
611,Danny Parker,1996-09-09T16:54:57+00:00,3,2
612,Christopher Jackson,2016-10-30T05:50:38+00:00,1,1
613,Travis Nichols,2004-06-08T13:08:02+00:00,2,3
614,Dakota Pearson,2011-12-04T19:42:44+00:00,1,3
615,Andrew Lewis,1975-11-13T07:40:15+00:00,1,3
616,Tiffany Chambers,2012-05-05T17:54:05+00:00,2,2
617,Mary Cummings DDS,2022-03-05T16:39:47+00:00,2,2
618,Susan Noble,1987-08-20T05:43:06+00:00,1,2
619,Rebecca Jones,1980-03-03T08:33:55+00:00,2,3
620,Ricky Rogers,1974-08-11T01:00:31+00:00,1,2
621,Mitchell Wright,2016-04-13T08:52:47+00:00,3,1
622,Alfred Morgan,2021-09-23T21:00:44+00:00,1,2
623,Lori Thomas,1975-04-01T22:56:59+00:00,3,1
624,Andrea Morris,1982-09-28T02:58:37+00:00,1,1
625,Mark Acevedo,1986-11-04T11:51:13+00:00,1,1
626,Theresa Alvarez,1991-01-11T11:23:50+00:00,3,3
627,Christopher Tucker,2013-11-16T02:53:55+00:00,2,1
628,Paul Garcia,1977-07-23T00:39:07+00:00,1,1
629,Shelly Webster,1993-05-21T01:25:35+00:00,2,3
630,Rebecca Baker,2015-06-02T07:56:00+00:00,1,2
631,Emily Evans,1978-02-25T15:31:27+00:00,3,1
632,Leslie Brown,2007-12-26T01:33:27+00:00,3,1
633,Mariah Hernandez,1989-01-03T21:32:38+00:00,3,2
634,Maurice Mcfarland,2011-01-21T09:13:34+00:00,1,3
635,Christopher Perez,2016-05-09T20:54:34+00:00,3,3
636,Courtney Shaw,1983-11-01T22:45:14+00:00,3,2
637,Nathan Brown,1986-04-16T13:12:45+00:00,3,3
638,Phillip Walter,1993-01-23T01:29:27+00:00,3,3
639,Katherine Daniels,2015-07-03T03:59:41+00:00,2,2
640,Austin Ortiz,2009-07-11T16:21:25+00:00,1,2
641,Darren Ramirez,2010-10-24T08:18:42+00:00,1,3
642,Michael Martin,1979-04-14T00:42:18+00:00,3,3
643,Morgan Nguyen,1997-05-06T00:16:51+00:00,2,1
644,Amber Rosario,1976-02-12T04:37:29+00:00,3,1
645,Brandon Gonzalez,1990-04-09T23:23:41+00:00,2,2
646,Denise Nash,2004-09-12T18:26:40+00:00,1,1
647,Jason Holmes,2019-12-22T16:23:42+00:00,2,3
648,Joanne Nguyen,1984-12-28T07:39:45+00:00,2,1
649,Kimberly Gonzalez,1970-12-30T09:17:28+00:00,1,1
650,Vanessa Martin,1974-09-11T22:18:17+00:00,1,2
651,Renee Stuart,2017-11-23T09:49:34+00:00,3,3
652,Ashley Miller,1970-11-24T21:49:08+00:00,1,1
653,Sarah Brown,1974-11-02T20:05:33+00:00,1,1
654,Michael Ford,1996-04-10T06:57:02+00:00,1,1
655,Michael Green,2013-01-31T09:58:53+00:00,1,3
656,Tanya Flores,1999-03-25T08:02:55+00:00,3,2
657,Charles Hodges,2010-07-14T07:51:08+00:00,1,1
658,Amanda Castro,2001-05-05T00:09:10+00:00,2,2
659,Teresa Riley,2017-12-09T00:41:27+00:00,2,1
660,Tiffany Grant,1974-09-28T09:08:54+00:00,1,1
661,Susan Porter,2017-08-26T13:04:52+00:00,3,1
662,Jeffrey Freeman,2007-04-22T20:27:52+00:00,3,3
663,Cynthia Dodson,1991-05-26T11:29:33+00:00,2,1
664,Nathan Kim,1991-06-27T11:41:55+00:00,1,2
665,Danny Smith,1975-06-10T15:01:11+00:00,2,1
666,Raymond Hunt PhD,2006-01-22T13:45:27+00:00,3,1
667,Amber Williams,1981-09-04T17:24:17+00:00,1,1
668,Linda Kelley MD,2012-01-06T16:12:16+00:00,2,3
669,Matthew Henderson,1993-03-22T15:58:56+00:00,2,1
670,Kathy Cunningham,1973-08-22T03:46:27+00:00,2,1
671,Alex Clay,2004-10-11T15:24:21+00:00,3,3
672,Jenny Jones,2017-09-29T07:11:06+00:00,3,1
673,Brian Morgan,1993-04-20T06:23:15+00:00,3,1
674,Katherine Simpson,1970-04-22T23:57:50+00:00,2,1
675,Dr. Sue Garcia,2012-09-30T03:45:31+00:00,2,2
676,Mark Rodriguez PhD,2000-04-07T09:40:48+00:00,3,3
677,Heather Sullivan,1985-01-13T21:15:38+00:00,2,1
678,Zachary Miller,1971-12-18T02:18:23+00:00,2,3
679,Kayla Brooks,1973-06-12T14:19:51+00:00,2,1
680,Erik Walker,2008-04-08T02:32:54+00:00,3,1
681,Stacey Arellano,1989-07-28T05:18:34+00:00,1,1
682,Laura Santiago,2023-01-11T06:46:56+00:00,2,1
683,Eric Hudson,1994-06-12T23:17:06+00:00,1,2
684,Richard Reynolds,2022-01-12T16:36:15+00:00,1,3
685,Janice Andrews,1983-03-18T08:20:38+00:00,2,1
686,Samantha Martin,1972-10-25T18:42:22+00:00,2,2
687,Dominique Alexander,2022-10-03T12:58:24+00:00,2,3
688,Michael Woods,2009-05-19T00:56:08+00:00,3,2
689,Michael Flores,1986-04-15T03:05:32+00:00,3,1
690,Stephanie Powell,1984-12-09T03:04:20+00:00,1,1
691,Abigail Mccullough,1987-10-30T00:28:13+00:00,2,3
692,James Butler,2004-07-27T22:37:16+00:00,3,1
693,Priscilla Jackson,1995-05-31T09:15:37+00:00,1,1
694,Amber Perry,2008-03-14T04:23:08+00:00,2,1
695,Vanessa Reed,1974-01-05T15:25:54+00:00,2,1
696,Karen Doyle,1970-09-03T16:25:17+00:00,1,3
697,David Watson,1974-11-25T15:33:35+00:00,1,1
698,Terri King,2000-06-08T12:49:31+00:00,1,3
699,Christine Reid,1978-01-22T23:48:14+00:00,3,2
700,Emily Mccoy,1986-03-05T19:43:14+00:00,2,2
701,Noah Jones,1975-08-07T17:23:49+00:00,2,3
702,Dale Henderson,1996-04-27T17:48:44+00:00,1,1
703,David Gonzales,2000-06-15T07:58:33+00:00,1,1
704,Megan Fitzgerald,2000-02-19T18:45:02+00:00,1,2
705,James Carpenter,2013-02-07T14:18:33+00:00,1,1
706,Xavier Hart,1973-02-07T04:44:01+00:00,1,1
707,Tiffany Simmons,1985-07-31T16:05:44+00:00,1,3
708,Molly Dodson,1984-08-19T03:06:32+00:00,2,3
709,Karen Mooney,2002-05-30T13:56:17+00:00,3,3
710,Joshua Nelson,1970-10-28T07:23:42+00:00,3,2
711,Rebecca Sanchez,2018-12-14T12:24:00+00:00,3,2
712,Julia Johnson,2019-07-07T12:52:21+00:00,2,3
713,Mr. Tanner Jennings,2017-07-14T04:31:54+00:00,3,3
714,Lori Williams,2003-12-09T06:48:51+00:00,1,1
715,Gregory Roy,2011-09-18T03:53:24+00:00,3,3
716,Kenneth Thompson IV,2005-06-04T08:34:33+00:00,2,2
717,Kathryn Hunt,1972-04-19T22:22:36+00:00,1,1
718,Michelle Brown,2022-05-30T17:45:43+00:00,1,1
719,Matthew James,2018-12-06T21:44:52+00:00,3,3
720,Robin Dawson,1976-10-23T16:02:15+00:00,1,2
721,Matthew Patel,2015-04-22T01:01:48+00:00,3,2
722,Alexander Tate,2022-09-27T19:54:43+00:00,1,2
723,Daniel Newman,2020-08-27T03:55:33+00:00,1,1
724,Matthew Rocha,1980-03-19T11:04:48+00:00,3,3
725,Roberta Garcia,1975-02-01T04:55:37+00:00,3,2
726,Matthew Wolfe,1986-08-29T16:42:31+00:00,3,2
727,Barbara Richardson,1991-11-05T20:12:29+00:00,2,1
728,Veronica Wilkinson,2009-09-20T02:46:11+00:00,3,2
729,Jeremy Johnson,1978-05-15T15:11:11+00:00,2,1
730,Robin Sosa,2014-09-04T16:49:02+00:00,1,1
731,Betty Burke,1992-03-07T10:30:21+00:00,2,2
732,Michele Tanner,1981-10-09T03:48:44+00:00,3,2
733,Kristopher Alvarado,1994-09-25T10:12:53+00:00,3,3
734,Wayne Russell,1991-01-06T01:41:52+00:00,3,2
735,Joshua Owens,1979-08-21T04:54:37+00:00,2,2
736,Tamara Patton,1974-04-26T07:32:25+00:00,2,1
737,Miranda Carlson,2009-09-27T12:31:05+00:00,1,2
738,April Mason,1981-06-17T05:42:29+00:00,3,2
739,Kimberly Armstrong,1970-06-06T15:32:45+00:00,3,1
740,Jennifer Barron,1979-04-22T07:05:08+00:00,2,2
741,Shawn Davis,2016-09-17T16:34:15+00:00,2,3
742,Jesus Villa,1982-10-08T19:41:02+00:00,3,1
743,William Smith,2008-02-27T23:57:35+00:00,3,2
744,Valerie Zamora,2009-04-17T10:05:51+00:00,2,2
745,Kristin Johnson,2015-09-18T11:23:42+00:00,1,3
746,James Martin,1976-01-12T21:53:57+00:00,2,3
747,Gabrielle Richardson,2019-03-16T17:14:47+00:00,1,1
748,Christopher Morris,2013-08-11T03:39:17+00:00,1,1
749,Paul Garrett,1995-07-29T00:23:44+00:00,1,3
750,Cheryl Meyer,1997-11-05T15:29:30+00:00,2,1
751,Mary Hahn,1975-07-19T20:27:21+00:00,1,1
752,Susan Brown,1994-05-24T13:34:52+00:00,2,1
753,Jessica Jackson,2013-08-22T04:20:40+00:00,3,2
754,Thomas Holland,1988-03-05T03:37:53+00:00,2,1
755,Amanda Riley,1996-02-18T06:13:36+00:00,3,3
756,David Brock,1984-10-02T10:44:19+00:00,1,2
757,Sarah French,1998-03-06T07:41:24+00:00,2,2
758,Shannon Miller,1990-03-11T16:42:30+00:00,1,3
759,John Hanna,2007-09-07T15:22:34+00:00,1,2
760,Teresa Torres,2011-04-08T04:05:57+00:00,1,1
761,James Duncan,1973-04-16T19:23:39+00:00,3,3
762,Michael Parker,1989-02-05T10:58:38+00:00,2,1
763,Andrew Schmidt,2016-02-03T23:26:19+00:00,1,3
764,Richard Munoz,1988-08-16T11:27:22+00:00,1,2
765,Crystal Burke,2018-02-08T10:41:51+00:00,1,1
766,Joseph Phillips,2004-09-28T23:37:41+00:00,1,2
767,Jordan Walsh,2019-01-18T14:41:34+00:00,1,2
768,Carol Fox,1971-12-10T07:33:50+00:00,3,2
769,Christopher Owens,2016-09-21T13:00:15+00:00,1,2
770,Margaret Harrison,1990-10-27T00:53:08+00:00,3,2
771,Anthony Adams,2014-08-17T13:59:53+00:00,3,3
772,Ashley Wood,1971-10-17T23:57:06+00:00,1,3
773,Emma Mccall,1981-06-16T22:11:59+00:00,3,2
774,Todd Hogan,2007-01-08T01:15:31+00:00,3,2
775,Kimberly Brown,1973-12-04T05:18:49+00:00,1,3
776,Daniel Anthony,1991-07-14T12:43:40+00:00,1,2
777,Dale Torres,1987-06-12T23:22:06+00:00,3,1
778,Walter Osborn,1972-10-06T06:03:06+00:00,2,2
779,Kevin Vance,2022-06-05T22:24:54+00:00,1,3
780,Michael Haley II,1981-12-03T12:35:38+00:00,2,3
781,Tanner Fisher,1972-11-28T17:57:23+00:00,1,3
782,Todd Hayes,2014-04-04T19:19:43+00:00,2,2
783,Isaac Becker,2008-04-11T12:59:27+00:00,2,3
784,Andre Nelson,1993-10-13T17:36:38+00:00,2,3
785,Melissa Reeves,1977-07-28T05:29:51+00:00,1,2
786,Robert Mccoy,2007-12-27T01:58:52+00:00,3,1
787,Carolyn Taylor,2008-10-30T01:18:31+00:00,1,3
788,Richard Gilmore,2000-04-09T03:01:41+00:00,2,3
789,Ronnie Martinez,1970-06-02T04:55:54+00:00,3,2
790,James Chase,1998-05-15T19:41:04+00:00,1,3
791,Mrs. Christine Smith PhD,2011-04-21T17:09:08+00:00,1,2
792,Brian Miller,1999-04-04T11:00:59+00:00,2,1
793,Brianna Wood,1987-03-29T04:44:45+00:00,2,1
794,Adam Fletcher,1982-05-25T16:45:00+00:00,1,1
795,Jacob Mcconnell,2008-05-02T03:43:00+00:00,3,2
796,Christina Morris,1974-08-28T20:18:06+00:00,1,3
797,Sheri Schneider,2003-10-05T02:54:13+00:00,2,2
798,Phyllis Joseph,1972-05-14T21:12:28+00:00,2,1
799,Johnny Sims,1986-11-09T01:22:28+00:00,3,1
800,Kelly Little,2021-01-11T18:08:24+00:00,2,2
801,Manuel Sanchez,1983-08-17T14:13:25+00:00,3,1
802,Richard Miller,2008-12-08T20:04:07+00:00,1,2
803,Gregory Ramos,2011-01-26T04:18:56+00:00,2,1
804,Mary Cox,1980-07-12T18:09:13+00:00,2,3
805,Tara Newman,1975-02-14T22:19:14+00:00,3,3
806,Stephanie Bishop,2009-03-09T15:23:36+00:00,3,1
807,Justin Wilcox,2017-02-17T13:52:16+00:00,2,3
808,Marie Vazquez,1970-02-20T00:16:39+00:00,3,1
809,Jill Sharp,1988-05-13T04:11:58+00:00,1,3
810,Jennifer Reed,1986-12-11T06:49:20+00:00,2,3
811,Ann Villarreal,2022-07-22T22:44:14+00:00,2,1
812,Anne Rose,2002-04-08T07:29:51+00:00,3,2
813,Carrie Bates,1992-02-28T01:46:27+00:00,3,3
814,Kyle Duncan,2000-08-24T17:11:50+00:00,3,2
815,Thomas Keller,2019-03-29T17:33:39+00:00,3,2
816,Rodney Barnes,1992-01-22T17:47:23+00:00,2,1
817,Anthony Ramsey,2018-03-21T06:00:03+00:00,3,2
818,Sherri Smith,2011-02-11T02:17:32+00:00,2,2
819,Dominique Chase,1993-07-16T06:45:34+00:00,2,1
820,Angel Sanchez,1998-11-04T07:22:24+00:00,1,1
821,Jennifer Joyce,1990-03-17T08:18:25+00:00,2,2
822,Matthew Riley,2010-01-02T16:04:20+00:00,2,3
823,Kimberly Marshall,1997-01-24T12:52:44+00:00,1,2
824,Bruce Alvarez,2000-06-14T14:59:34+00:00,3,2
825,Jared Peters,2002-11-23T11:15:59+00:00,2,3
826,Christopher Smith,1984-01-04T20:41:09+00:00,1,3
827,Amanda Hill DVM,2001-12-18T22:17:21+00:00,3,2
828,Elizabeth Cook,1988-09-22T03:22:49+00:00,3,2
829,Aaron Spencer,1972-02-04T11:59:09+00:00,1,2
830,Amanda Jackson,1993-09-20T11:41:23+00:00,2,3
831,Beverly Carter,1995-08-20T00:36:00+00:00,3,1
832,Cheryl Gonzales,2022-03-30T04:52:16+00:00,2,2
833,Julie Cox,1997-08-29T15:21:08+00:00,1,1
834,Jennifer Allen,1984-07-10T10:58:51+00:00,3,2
835,Nicole Lee,2018-10-28T18:25:24+00:00,2,2
836,Terry Shields,2003-01-26T05:24:05+00:00,1,3
837,George Charles,2001-05-25T14:17:15+00:00,3,1
838,Courtney Farrell,1999-07-09T08:03:46+00:00,1,3
839,Danielle Vasquez,2020-02-15T01:51:11+00:00,1,3
840,Kimberly Thompson,2022-06-10T02:40:49+00:00,2,3
841,Courtney Calhoun,2011-07-03T18:52:28+00:00,2,2
842,Jennifer Tucker,1991-08-08T10:16:42+00:00,1,1
843,Ryan Schroeder,2014-01-27T15:08:51+00:00,2,2
844,Steven Curtis,1996-02-20T03:21:49+00:00,2,1
845,Jodi Jenkins,1992-06-24T07:33:45+00:00,2,1
846,Robin Baird,1981-10-08T09:44:13+00:00,2,3
847,Kathleen Duarte,2005-11-06T10:32:10+00:00,3,3
848,Bryan Dixon,2002-11-02T22:17:02+00:00,1,2
849,Jason Rosario,2005-07-31T10:47:15+00:00,2,3
850,Jenna Allen,2018-09-23T07:15:57+00:00,2,2
851,Erin Robles,1972-10-18T01:48:51+00:00,2,1
852,Cameron Pittman,2019-02-19T16:25:50+00:00,1,3
853,John Hayden,1979-08-21T16:22:47+00:00,3,2
854,Elizabeth Mccall,2003-01-15T01:22:20+00:00,3,2
855,Heidi Jones,1994-06-26T10:47:32+00:00,1,3
856,Rose Saunders,2009-12-29T21:35:21+00:00,1,3
857,Lisa Davies,1994-09-17T09:14:16+00:00,1,1
858,Samantha Campbell,2016-09-12T18:30:45+00:00,2,3
859,Andrew Smith,1982-07-05T02:36:57+00:00,1,3
860,Caitlin Reynolds,2001-02-15T05:12:55+00:00,2,1
861,Louis Sherman,1982-12-22T00:39:28+00:00,1,1
862,Kevin Rosario,1978-03-31T21:21:26+00:00,1,1
863,Terri Noble,1988-07-30T08:47:08+00:00,3,2
864,Daniel Harris,2002-03-06T16:16:51+00:00,3,2
865,Zachary Adams,1989-05-26T21:48:17+00:00,3,2
866,Curtis Schultz,1973-05-18T13:29:43+00:00,2,2
867,Lisa Bennett DVM,1972-06-21T01:03:34+00:00,2,2
868,Andre Williams,2020-02-05T00:13:56+00:00,1,2
869,Todd Wilson,2011-07-08T16:03:33+00:00,3,3
870,Kevin Ramirez,1970-07-25T12:43:38+00:00,3,1
871,Sandra Steele,1972-11-22T18:45:08+00:00,3,1
872,Robert Henderson,1974-05-29T13:23:39+00:00,3,1
873,Kimberly Nichols,1986-09-26T12:36:52+00:00,2,1
874,Douglas Wells,2004-12-19T04:09:19+00:00,1,2
875,Lisa Peterson,1977-04-21T07:24:51+00:00,1,2
876,Jennifer Barnett,2016-11-16T14:51:53+00:00,2,1
877,Brandon Holt,2022-04-02T13:49:49+00:00,2,1
878,Shannon Miller,1988-01-12T18:37:41+00:00,3,3
879,Justin Mcdonald,1986-04-05T02:15:42+00:00,2,1
880,Ryan Petty,2020-05-01T19:53:01+00:00,2,2
881,Cheyenne Hardy,2019-10-18T07:54:23+00:00,3,2
882,Rachel Young,1986-10-03T02:55:42+00:00,1,3
883,Elizabeth Foster,1984-09-23T07:53:22+00:00,1,1
884,Denise Edwards,1990-05-14T08:11:16+00:00,1,1
885,Rick Wilson,1971-01-13T14:23:56+00:00,2,2
886,Linda Jordan,1984-12-14T19:00:43+00:00,3,2
887,James Alexander,1995-11-11T10:27:43+00:00,2,3
888,Kevin Ford,1988-01-18T12:37:19+00:00,2,1
889,Melissa Clark MD,1972-04-24T04:07:52+00:00,2,2
890,Heather Williams,1982-12-26T08:12:53+00:00,1,1
891,Charles Allen,1989-11-16T16:13:35+00:00,3,1
892,Michael Miller,2002-03-08T01:22:33+00:00,2,1
893,Todd Braun,1980-04-28T09:33:17+00:00,1,2
894,Hailey Hebert,1976-11-18T10:18:11+00:00,2,3
895,Paul Macdonald,2015-09-17T21:23:26+00:00,2,1
896,Brianna Sullivan,1992-02-02T03:39:22+00:00,3,3
897,Michael Smith,2021-01-15T19:15:01+00:00,2,1
898,Darrell Richardson,1970-12-09T11:18:10+00:00,2,2
899,Christine Hughes,1976-10-13T07:21:10+00:00,1,1
900,Samantha Reed,1979-04-22T08:27:41+00:00,2,3
901,Kyle Martinez,1987-07-14T19:28:30+00:00,1,3
902,Daniel Morgan,1983-06-29T16:21:48+00:00,3,2
903,Jason Knapp,1995-05-31T22:02:40+00:00,2,1
904,Corey Lee,1988-11-02T02:40:48+00:00,3,3
905,Katherine Jensen,1979-03-31T15:49:02+00:00,3,2
906,Eric Pierce,1985-07-26T09:41:31+00:00,2,1
907,Michelle Sanchez,1996-05-13T02:54:22+00:00,3,3
908,Brandon Taylor,1974-11-24T06:54:20+00:00,1,2
909,Dr. Ana Riddle,1975-11-28T11:17:25+00:00,3,3
910,Patricia Mccarty,2002-02-12T06:44:50+00:00,3,2
911,Edward Barber,2018-06-11T20:51:33+00:00,3,2
912,Angelica Hernandez,2010-06-05T18:42:32+00:00,2,3
913,Donna Reed,2020-05-07T17:15:24+00:00,2,1
914,Colleen Sloan,1976-01-07T12:11:01+00:00,3,3
915,Michael Young,1986-04-22T03:38:25+00:00,1,3
916,Mrs. Sally Jones DVM,1998-09-25T08:19:07+00:00,3,2
917,Ryan Hall,1989-01-21T17:15:03+00:00,3,2
918,Sara Vincent,2003-08-27T21:55:48+00:00,3,3
919,Erica Williams,2020-04-29T07:52:58+00:00,1,1
920,Jason Cooper,2018-10-07T10:04:56+00:00,1,3
921,Austin Smith,2007-03-22T21:23:59+00:00,1,3
922,Linda Robinson,2002-10-17T23:43:33+00:00,3,2
923,Julie King,1979-01-12T04:53:58+00:00,3,1
924,Riley Powell,2017-07-27T22:31:22+00:00,1,2
925,Sherry Kennedy,1990-09-02T03:16:19+00:00,3,2
926,Karen Wood,1999-08-21T05:46:26+00:00,3,2
927,Brian Rose,2007-02-06T16:11:11+00:00,1,1
928,Amy Esparza,2011-06-20T00:25:32+00:00,1,2
929,Catherine Walker,2001-12-26T23:29:12+00:00,1,1
930,Jacob Sanchez,2022-06-26T12:53:31+00:00,3,1
931,Diane Anderson,1998-11-11T01:05:34+00:00,1,1
932,Johnathan Allen,2005-08-23T05:27:38+00:00,1,1
933,Lisa Nguyen,1991-06-29T11:25:26+00:00,3,3
934,Collin Haney,1986-07-27T07:36:57+00:00,3,3
935,Gary Daniel,2015-01-30T06:58:59+00:00,2,2
936,Donna Simpson,2016-09-28T18:23:52+00:00,1,2
937,Christina Carr,1980-11-13T06:47:08+00:00,3,3
938,Willie Richardson DDS,1982-02-01T06:23:20+00:00,3,3
939,Madison Jackson,1971-04-26T08:21:24+00:00,1,1
940,Tracy Gibson,1985-11-14T15:40:03+00:00,1,2
941,Shawn Smith,1995-05-09T11:08:12+00:00,3,2
942,Mark Gilbert,1985-10-14T23:48:24+00:00,1,3
943,Lisa Payne,1988-02-04T17:13:23+00:00,2,2
944,Shane Hill,1980-08-28T22:24:01+00:00,2,2
945,Bailey Berg,2009-06-07T10:10:05+00:00,3,2
946,Lynn Taylor,1971-02-23T12:24:10+00:00,3,3
947,Dana Blevins,1991-12-13T22:44:31+00:00,1,1
948,Frank Moreno,1971-05-20T18:53:01+00:00,2,1
949,Lori Rodriguez,2008-11-03T11:48:06+00:00,2,2
950,Catherine Henry,1985-03-18T14:10:03+00:00,1,1
951,Zoe Garcia,1981-04-15T17:09:25+00:00,3,2
952,Derrick Phillips,1993-04-19T05:25:54+00:00,3,1
953,Susan Mcclain,1981-07-25T23:47:46+00:00,3,1
954,Edward Powell,1991-08-17T04:12:16+00:00,2,2
955,Valerie Harper,1990-10-02T00:44:45+00:00,3,2
956,Jennifer Greer,1995-02-14T13:00:34+00:00,1,3
957,Melvin Howard,2015-10-10T15:46:20+00:00,1,2
958,Michael Mcgrath,2000-09-05T01:45:34+00:00,1,3
959,Samantha West,2000-01-26T19:01:38+00:00,1,3
960,Terry Valenzuela,2017-02-02T00:50:38+00:00,3,1
961,Casey Washington,1988-02-09T08:24:14+00:00,2,3
962,Rachel Lewis,1972-02-08T10:14:14+00:00,2,1
963,Timothy Reed,2022-07-26T04:33:29+00:00,3,3
964,Martin Daniel,1975-02-26T19:13:27+00:00,2,2
965,April Gonzalez,1974-05-14T05:06:44+00:00,1,3
966,Kirsten Mccoy,1990-10-02T03:47:03+00:00,3,2
967,Lisa Short,2011-08-28T10:20:20+00:00,1,1
968,Randall Roy,1970-04-30T04:49:39+00:00,2,2
969,Charles Shaw,2015-12-02T01:00:40+00:00,3,3
970,Daniel Nguyen,1987-12-17T10:55:16+00:00,1,2
971,James Hernandez,1972-01-27T11:16:16+00:00,2,3
972,Amy Bates,1989-02-19T02:11:32+00:00,3,2
973,Karen Brown,2017-02-02T14:26:37+00:00,3,1
974,Jennifer Haynes,2019-03-07T16:19:54+00:00,3,2
975,Jack Romero,1991-12-13T14:15:29+00:00,3,3
976,Jennifer James,1981-07-05T08:58:48+00:00,2,1
977,Joseph Hernandez,2009-05-26T14:51:52+00:00,1,2
978,Christopher Cross,1988-08-20T01:50:20+00:00,1,1
979,Sara Drake,1978-12-07T11:02:50+00:00,3,2
980,Julie Carter,1987-10-10T13:41:28+00:00,3,3
981,Dr. Natalie White,1977-03-05T00:07:22+00:00,1,3
982,Tracey Suarez,1975-06-30T13:48:17+00:00,1,1
983,Nicholas Long,2003-02-25T14:02:38+00:00,3,2
984,Stephanie Shields,2020-05-04T13:33:39+00:00,1,1
985,April Wise,1973-02-14T00:32:43+00:00,3,2
986,Jesse Garcia,1992-05-18T08:28:03+00:00,1,3
987,Allen Curtis,1995-07-31T22:49:49+00:00,3,2
988,Richard Mendoza,1972-03-26T22:28:38+00:00,2,3
989,Mary Beard,1977-02-19T06:53:36+00:00,2,3
990,Curtis Smith,2022-04-27T08:16:56+00:00,3,1
991,Mary Palmer,1973-05-21T18:59:09+00:00,2,1
992,Ian Long,2013-06-24T11:27:33+00:00,1,1
993,Penny Allen,1992-05-11T13:22:00+00:00,2,3
994,Mr. Jeffrey Beltran,2016-04-05T05:56:25+00:00,1,2
995,Leroy Rodriguez,2015-06-22T13:30:14+00:00,3,2
996,Mr. Wayne Ortega,2013-05-15T11:28:17+00:00,1,2
997,Daniel Crawford,2012-09-11T13:52:37+00:00,3,3
998,Cassidy Phillips,1987-10-29T01:29:14+00:00,1,1
999,Andrea Haynes,1976-08-17T14:03:51+00:00,1,2
1000,Manuel Walton,1996-03-14T22:06:16+00:00,3,3
