id,name,hire_date,job_id,department_id
1,Dawn Orozco,2015-01-14T18:52:32+00:00,2,3
2,Kenneth Chavez,2009-10-20T00:50:37+00:00,3,3
3,Marcus Collins DDS,2005-05-19T07:00:25+00:00,3,1
4,John Diaz,2002-12-14T18:37:43+00:00,2,2
5,Karen Rhodes,1997-04-07T05:10:14+00:00,3,3
6,Raymond Dougherty,2007-10-22T13:01:24+00:00,3,1
7,Evelyn Hanson,2003-01-05T13:44:04+00:00,3,1
8,Justin Padilla,1976-10-20T09:21:01+00:00,3,2
9,Matthew Lopez,1974-12-04T17:07:32+00:00,1,3
10,Kathleen Thomas,1984-03-01T18:49:52+00:00,3,2
11,Brooke Mccoy,2019-11-03T11:44:26+00:00,2,3
12,Daniel Johnson,2020-06-25T15:34:54+00:00,2,2
13,Tony Luna,1970-06-18T15:34:03+00:00,3,3
14,Mary Guzman,2000-02-18T06:05:28+00:00,2,1
15,Raymond Nguyen,2019-12-04T12:04:24+00:00,1,1
16,Ashley Shepard,1991-04-07T18:44:57+00:00,1,3
17,Michael Campbell,1977-02-11T07:07:52+00:00,2,2
18,Christopher Williams,1975-02-26T06:47:51+00:00,3,1
19,Dennis Smith,2009-05-25T20:31:25+00:00,1,3
20,Robert Soto,2005-08-03T13:02:57+00:00,2,1
21,Michael Brewer,2007-12-28T14:09:17+00:00,3,3
22,Brandi Hanson,1971-07-20T17:07:50+00:00,1,2
23,Katherine Matthews,1994-02-06T20:00:31+00:00,1,2
24,Jennifer Mcmahon,1986-09-30T04:39:36+00:00,2,3
25,Cheryl Hernandez,2001-01-12T23:15:33+00:00,2,2
26,Regina Robinson,1979-02-08T02:04:27+00:00,3,2
27,Christopher Martin,1987-12-13T20:50:29+00:00,3,3
28,Nathan Luna,1971-03-04T08:45:35+00:00,3,2
29,Maria Hernandez,2020-04-26T12:50:28+00:00,1,3
30,Kimberly Miles,1994-06-24T05:55:06+00:00,2,3
31,Michael Perez,1978-07-06T16:05:03+00:00,3,3
32,Selena Zamora,2013-04-28T07:31:34+00:00,1,2
33,Kevin Gonzales,2006-06-10T22:15:40+00:00,1,3
34,Thomas Arnold,1982-10-12T16:51:11+00:00,3,3
35,Norman Schwartz,2021-03-13T07:06:36+00:00,3,3
36,Jason Tucker,1981-10-24T17:10:05+00:00,3,3
37,Richard Campbell,1999-12-25T05:45:04+00:00,3,3
38,Nicole Herman,1990-08-19T16:34:54+00:00,2,3
39,Justin Jenkins,2008-11-03T17:11:00+00:00,3,3
40,Phillip Lopez,1986-02-17T22:00:40+00:00,1,2
41,Lindsey Martin,1992-03-29T03:50:59+00:00,3,2
42,Melissa Wells,2022-03-27T09:05:41+00:00,2,3
43,Robert Tran,2017-03-16T06:55:19+00:00,1,2
44,Brenda Wilson,1983-09-26T02:20:03+00:00,3,2
45,Casey Arnold DDS,1998-08-14T07:58:02+00:00,1,1
46,Gregg Hernandez,1984-10-07T23:53:38+00:00,1,1
47,Olivia Boyd,1988-05-05T15:24:37+00:00,1,1
48,James Green,1981-05-30T14:49:35+00:00,3,3
49,Christopher Hill,2010-10-27T22:58:36+00:00,2,1
50,Tony Mendez,1975-03-04T09:10:10+00:00,1,1
51,Stephanie Poole,2016-08-19T13:09:03+00:00,3,3
52,Melissa Bradley,1981-06-15T20:26:34+00:00,3,1
53,James Kirk,1974-12-07T16:00:13+00:00,2,3
54,Bethany Moody,2014-05-05T10:53:32+00:00,1,1
55,Amber Ross,1974-12-17T06:24:55+00:00,2,2
56,Joseph Rogers,1985-05-05T20:55:18+00:00,2,2
57,Mercedes Mcgee,1974-12-15T03:29:28+00:00,1,1
58,Jacob Richards,1978-12-27T23:35:09+00:00,1,1
59,Brenda Rivera,1971-10-20T15:31:17+00:00,1,2
60,Mary Lawson,1978-09-21T15:27:39+00:00,1,2
61,Megan Nguyen,1991-05-14T18:31:07+00:00,2,3
62,James Barajas,2022-10-18T02:02:12+00:00,3,2
63,Elijah Phillips,2010-02-27T20:41:15+00:00,3,2
64,Valerie Jones,1997-03-19T15:39:50+00:00,2,2
65,Amanda Nelson,1992-12-04T17:32:58+00:00,3,2
66,Jordan Taylor,2008-06-02T15:39:03+00:00,2,3
67,Linda Moore,2007-03-05T21:59:20+00:00,3,2
68,James Mccann,1991-01-23T15:27:14+00:00,2,1
69,Richard Parker,1970-04-11T01:33:37+00:00,2,2
70,Steven Carter,1984-01-13T07:22:46+00:00,3,1
71,Jeff Wood,2015-09-22T08:36:21+00:00,1,2
72,Laura Parker,1993-08-03T09:33:48+00:00,3,2
73,David Garrett,2008-04-13T21:13:02+00:00,2,1
74,Richard Sandoval,1991-02-07T17:50:46+00:00,2,3
75,Ryan Ortiz,2014-07-25T13:52:40+00:00,2,2
76,Mallory Martin,1999-07-20T15:23:33+00:00,2,1
77,Jennifer Medina,1990-07-10T15:08:59+00:00,3,1
78,Nicole Jackson,1998-04-07T03:19:47+00:00,1,2
79,Dawn Scott,2020-03-11T04:12:36+00:00,1,3
80,Nicole Goodman,1977-10-06T04:37:10+00:00,3,3
81,Kenneth Hays,2002-11-19T06:32:37+00:00,1,1
82,Rachel Clay,2019-01-02T06:28:03+00:00,1,2
83,Heather Clark,1998-10-12T04:33:05+00:00,2,1
84,Terrance Perez,2006-07-18T12:14:47+00:00,3,1
85,Bethany Harris,2018-07-17T14:40:49+00:00,2,3
86,Jason Hernandez,1998-09-13T04:25:14+00:00,1,2
87,Adam Watts,2004-04-14T15:30:35+00:00,1,2
88,Tiffany Blanchard,1971-07-18T04:32:38+00:00,1,3
89,Donna Elliott,2002-04-19T05:14:22+00:00,1,2
90,Courtney Marshall,1971-09-06T09:17:04+00:00,1,1
91,Megan Morris,2022-11-21T18:45:39+00:00,3,3
92,Craig Johnson,1998-06-04T05:22:43+00:00,2,2
93,Steve Jones,2007-05-22T10:36:59+00:00,3,1
94,Daniel Li,2015-12-02T03:19:10+00:00,2,1
95,Emily Leach,1984-10-12T10:14:42+00:00,2,1
96,Erin Hernandez,2007-08-03T23:30:13+00:00,3,3
97,Eric Beck,1997-09-16T10:32:04+00:00,3,1
98,Larry Anderson,1974-11-19T09:57:24+00:00,2,1
99,Faith Valdez,1995-01-21T06:45:12+00:00,3,3
100,Danielle Fernandez,2008-02-11T03:51:19+00:00,2,1
101,John Miller,1996-03-19T15:09:18+00:00,2,2
102,Ryan Bowman MD,2012-07-07T16:11:43+00:00,3,2
103,Rachel Thomas,1982-04-07T22:40:38+00:00,3,3
104,Michael Chavez,2002-12-12T11:46:20+00:00,1,1
105,Anthony Ramsey,2016-06-20T16:19:18+00:00,1,3
106,Dean Davis,2002-11-18T11:56:21+00:00,1,1
107,Sara Brown,2011-01-18T08:14:47+00:00,1,1
108,Darlene Miller,1996-12-18T03:10:39+00:00,2,3
109,James Doyle,2016-07-30T09:00:18+00:00,3,3
110,Gregory Smith,2022-08-01T10:49:33+00:00,1,1
111,John Martin,2014-02-20T18:15:44+00:00,3,3
112,James Mitchell,2014-09-23T03:00:06+00:00,2,3
113,Benjamin Anthony,2022-10-17T03:11:12+00:00,2,2
114,Danielle Davis,2005-08-24T20:15:02+00:00,3,1
115,James Green,1986-06-20T09:53:52+00:00,1,3
116,Amy Schmidt,2018-02-19T06:21:15+00:00,1,2
117,Shelia Hoover,1980-03-19T17:25:33+00:00,3,2
118,Kathleen Schultz,2021-05-01T16:33:42+00:00,2,1
119,Jennifer Rice,2009-07-25T15:05:03+00:00,2,3
120,Nathan Flowers,1993-01-21T20:41:08+00:00,2,1
121,Tracy Valencia,2017-10-20T02:55:51+00:00,1,3
122,Joseph Gay,2019-10-02T16:52:34+00:00,2,1
123,Jason Brady,1990-07-23T18:05:13+00:00,2,2
124,Andrew Peck,2003-03-22T02:19:08+00:00,2,3
125,Mr. David Brown,2001-10-06T06:13:25+00:00,3,2
126,Victor Rivera,1983-11-28T00:21:04+00:00,3,2
127,Dylan Phillips,1989-07-21T18:18:19+00:00,2,1
128,Robert Stevens,1980-12-07T07:31:33+00:00,2,2
129,Edwin Mccall,1998-06-09T11:37:25+00:00,1,1
130,Martha Williamson,2017-09-02T06:21:19+00:00,1,1
131,Lauren Stokes,1980-02-27T21:31:05+00:00,3,1
132,Stacey Torres,2011-08-16T11:35:13+00:00,2,1
133,Dennis Hess,1985-06-20T03:31:11+00:00,3,1
134,Barbara Potter,1981-11-19T11:01:53+00:00,3,3
135,Alan Williams,1989-08-20T13:09:58+00:00,2,3
136,Susan Hicks,1994-06-15T16:04:16+00:00,2,2
137,Samuel Benton,1993-08-19T07:59:57+00:00,3,2
138,Christian Maxwell,1977-10-27T20:12:18+00:00,3,1
139,Dr. Lindsey Horton,2001-12-16T21:16:21+00:00,1,1
140,Tiffany Kerr,1992-06-22T15:47:41+00:00,2,2
141,Emily Young,2015-01-10T02:11:32+00:00,3,1
142,Gregory Brown,1992-01-06T10:49:38+00:00,3,1
143,Todd Martinez,1976-05-30T03:27:48+00:00,2,2
144,Julie Ramirez,1971-07-28T12:46:55+00:00,1,3
145,Duane Carr,1991-04-26T17:03:04+00:00,3,1
146,Jorge Lowe,2017-07-02T20:05:36+00:00,3,1
147,Cynthia Roberts,1992-01-06T04:28:05+00:00,1,1
148,William Armstrong Jr.,1970-06-15T22:53:03+00:00,2,3
149,Jerry Wang,1981-04-15T13:12:54+00:00,3,3
150,Perry Andrews,1994-08-31T00:15:51+00:00,3,1
151,Christopher Escobar,1991-06-28T06:36:48+00:00,3,3
152,Joshua Hernandez,1981-03-18T07:53:22+00:00,3,2
153,Amy Scott,2003-07-22T18:59:10+00:00,1,3
154,Theresa Mills,2001-10-18T10:37:33+00:00,3,1
155,Mark Cruz,2008-06-23T16:10:13+00:00,3,2
156,Sarah Shaw,2004-03-21T23:03:05+00:00,1,1
157,Meagan Mcconnell,2008-05-13T06:34:40+00:00,1,1
158,Christopher Aguilar,2014-08-17T01:14:03+00:00,3,1
159,Alicia Arias,1975-01-11T14:18:56+00:00,1,3
160,Sherry Thomas,1987-02-12T23:50:46+00:00,2,1
161,Karl Cox,1997-06-27T14:51:30+00:00,2,2
162,Melanie Jacobson,2006-09-23T23:27:15+00:00,2,3
163,Connie Cruz,1994-05-13T18:22:02+00:00,3,1
164,Kimberly Mitchell,2000-11-27T06:02:16+00:00,2,3
165,Belinda Schmidt,1973-01-16T17:33:17+00:00,3,3
166,Colleen Cox,1993-10-06T04:36:06+00:00,2,2
167,Laura Thompson,2014-03-31T09:32:48+00:00,1,1
168,Lisa Lindsey,2009-05-27T18:52:41+00:00,3,2
169,Ronald Brady,2020-10-16T19:20:07+00:00,1,2
170,Karen Navarro,1980-05-11T22:26:39+00:00,3,3
171,Anthony Lyons,1982-09-13T22:50:33+00:00,1,3
172,Jason Salazar,1980-01-07T19:36:22+00:00,2,1
173,Paige Myers,1996-05-17T19:29:50+00:00,2,3
174,Taylor Mejia,2001-09-26T00:55:27+00:00,1,2
175,Stephanie Richardson,2004-06-30T09:55:50+00:00,3,3
176,Tonya Mcclure,2022-09-10T12:21:59+00:00,3,1
177,Gina White,1988-12-01T13:53:43+00:00,3,3
178,Christopher Craig,1971-03-09T07:42:10+00:00,1,2
179,Shannon Wilson,1976-02-01T05:36:24+00:00,1,2
180,Andrew Wilson,2007-12-15T01:11:49+00:00,1,1
181,Jennifer Bryan,1984-12-16T21:42:05+00:00,3,2
182,Michael Owens,1995-05-29T01:28:09+00:00,3,1
183,Anthony Henderson,2016-11-24T06:20:10+00:00,2,3
184,Erica Wallace,1984-08-02T21:16:44+00:00,3,1
185,Edward Warren,1994-04-28T08:57:57+00:00,3,1
186,Jasmine Francis,2013-05-17T18:49:32+00:00,1,2
187,Carla Montgomery,1994-09-28T20:46:24+00:00,1,3
188,John Hicks,2005-04-04T11:25:12+00:00,2,3
189,Ryan Wood,2020-05-07T18:47:54+00:00,3,3
190,Amy Johnson,2014-12-27T07:43:26+00:00,3,2
191,Adam Arias,2022-01-28T19:36:18+00:00,2,2
192,Amanda Schroeder,2021-01-01T20:15:44+00:00,3,3
193,Charles Gomez,2022-04-02T00:31:59+00:00,2,2
194,Jasmine Anderson,2022-08-29T02:14:48+00:00,2,3
195,Rachel Juarez,1994-06-25T22:50:23+00:00,1,3
196,Valerie Jones,1983-08-18T14:08:28+00:00,3,2
197,James Charles,1998-02-21T04:25:54+00:00,1,2
198,Daniel Powell,2020-04-27T16:29:24+00:00,2,1
199,Michael Phillips,1976-06-30T04:28:25+00:00,1,1
200,Christopher Hahn,1990-03-14T21:02:53+00:00,3,1
201,Sandra Alexander,1993-02-23T14:44:25+00:00,3,2
202,Aaron Tucker,1979-01-31T20:27:50+00:00,2,2
203,Cathy Baker,1983-07-24T14:49:17+00:00,1,1
204,Michael Morrison,1994-07-01T12:09:44+00:00,1,2
205,Michael Dixon,1992-07-12T03:03:53+00:00,3,1
206,Emily Thomas,1988-03-03T09:16:36+00:00,3,3
207,Benjamin Lopez,1989-07-25T10:00:36+00:00,2,3
208,Nicole Wells,2010-11-09T22:09:35+00:00,2,2
209,Alexander Marquez,1975-09-12T06:53:00+00:00,1,3
210,Tina Rhodes MD,1987-04-08T06:50:58+00:00,1,2
211,Brittany Hoffman,1976-10-04T04:08:02+00:00,2,1
212,Jacqueline Wilkins,1971-07-22T09:29:32+00:00,3,3
213,Jessica Johnson,1994-07-18T08:13:58+00:00,1,1
214,Tracy Willis,2005-06-26T07:31:05+00:00,1,3
215,Scott Gates,1973-10-13T22:41:22+00:00,3,3
216,Daniel Young,2002-11-24T20:33:11+00:00,2,2
217,Debra Burgess,2021-05-13T18:29:01+00:00,1,3
218,April Morris,2016-09-01T05:57:38+00:00,3,1
219,Miss Cynthia Lewis,1981-09-07T03:24:29+00:00,1,2
220,Lydia Scott,1973-09-21T16:20:02+00:00,1,1
221,Roger Romero,1973-05-15T03:59:28+00:00,1,2
222,Ronnie White,1991-05-05T23:50:33+00:00,1,1
223,Crystal Berg,1991-10-05T02:27:56+00:00,3,1
224,Hector Stewart,1985-11-13T10:40:29+00:00,2,2
225,Gloria Harper,1993-05-04T14:54:24+00:00,2,2
226,Curtis Jensen,2004-03-28T00:12:44+00:00,3,3
227,Diana Swanson,1986-09-29T14:51:40+00:00,3,2
228,Kristina Patrick,2018-01-21T00:24:06+00:00,3,3
229,Mark Rogers,2008-01-03T06:56:43+00:00,3,3
230,Bradley Murray,2005-06-05T21:39:49+00:00,1,3
231,Brandon Patterson,2010-10-06T02:03:28+00:00,3,2
232,Justin Martinez,1997-06-22T07:09:42+00:00,3,2
233,David Walker,1987-09-16T23:24:32+00:00,3,1
234,Nancy Hall,2011-08-08T14:03:18+00:00,1,3
235,Jamie Ford,1977-02-19T02:40:05+00:00,3,1
236,Donald Gallagher,1986-11-14T11:26:40+00:00,2,1
237,Dr. Gregory Willis,1999-06-15T23:22:40+00:00,2,1
238,Brenda Harvey,1989-05-14T13:14:31+00:00,3,3
239,Mr. Joseph Fry DDS,1998-06-26T05:45:22+00:00,2,1
240,Michael Barr,1977-10-04T20:54:41+00:00,1,3
241,Alan Wilson,1973-10-17T12:58:37+00:00,2,1
242,Scott Kennedy,2009-05-15T21:06:30+00:00,1,3
243,Katherine Pham,1986-11-19T18:21:12+00:00,1,2
244,Robert Carson,1988-07-11T00:56:37+00:00,3,2
245,Eric Lowe,1988-10-15T04:28:08+00:00,1,2
246,Elizabeth Lloyd,2001-12-11T14:45:51+00:00,1,3
247,Jennifer Guerra,2014-01-17T14:34:46+00:00,3,1
248,Cheryl Kelly MD,1987-04-15T15:13:59+00:00,3,1
249,Robert Taylor,2015-09-26T19:02:06+00:00,1,2
250,Beth Garrison,1970-08-27T19:05:33+00:00,2,1
251,Kevin Bishop,1993-01-18T10:00:36+00:00,2,3
252,Robert Rios,1994-04-18T04:54:03+00:00,3,3
253,April Mccall,1977-02-16T18:48:37+00:00,2,3
254,Christopher Bailey,1981-10-28T04:52:49+00:00,1,3
255,Mr. Michael White,1973-05-28T17:45:43+00:00,1,1
256,Jordan Gallagher,1976-04-09T08:01:44+00:00,3,1
257,Miss Danielle Richmond,1997-11-22T08:06:49+00:00,2,2
258,David Miller,2014-11-24T15:20:52+00:00,3,2
259,Marcus Holmes,1989-03-22T16:51:04+00:00,1,3
260,Michelle Griffith,2018-11-28T02:16:39+00:00,2,3
261,Mary Hernandez,2018-05-02T14:31:51+00:00,2,1
262,Jennifer Olson,1983-01-22T07:39:50+00:00,3,1
263,Austin Barber,1983-09-22T14:53:52+00:00,3,3
264,Heidi Torres,2019-05-03T09:27:25+00:00,3,2
265,Lisa Lang,1982-09-26T11:24:56+00:00,3,2
266,Michael Woods,1999-07-14T05:10:36+00:00,3,1
267,Megan Newman,1995-10-27T23:55:57+00:00,1,2
268,Brian Farmer,1994-12-07T21:02:56+00:00,1,2
269,Virginia Cook,2017-06-08T10:47:21+00:00,1,1
270,Andre Martinez,1987-12-06T00:13:36+00:00,1,1
271,Rachel West,1991-04-05T12:08:06+00:00,1,3
272,Rhonda Wilcox,1998-07-08T15:04:38+00:00,2,3
273,Madison Roy,2002-06-25T17:52:23+00:00,2,2
274,Joshua Ortega,2001-04-29T06:48:04+00:00,3,1
275,Cory Johnston,1980-01-12T23:28:17+00:00,3,2
276,Kayla Page,1974-12-10T13:19:06+00:00,3,1
277,Bryan Hunter,2005-09-11T04:36:39+00:00,1,3
278,Sharon Pruitt,1981-11-30T18:46:47+00:00,1,3
279,Carolyn Roman,1994-04-21T16:51:47+00:00,2,2
280,Steven Robinson,2001-10-15T14:20:58+00:00,2,3
281,Michelle Martin,1970-02-21T21:51:38+00:00,1,3
282,Tammy Phelps,2016-11-01T18:02:34+00:00,1,2
283,Kristine Johnson,1979-01-08T12:47:36+00:00,2,1
284,Evan Ortega,1993-12-17T13:21:25+00:00,1,2
285,Destiny Walls,1979-09-08T23:18:39+00:00,2,1
286,Michael Carroll,2018-06-24T15:24:53+00:00,3,3
287,Donna Douglas,2001-08-05T02:25:22+00:00,1,1
288,Courtney Perez,1986-12-21T12:27:45+00:00,1,1
289,Manuel Wyatt,1974-08-17T07:16:01+00:00,3,3
290,John Meyers,2009-07-05T04:32:04+00:00,3,1
291,Alexander Lewis,1996-01-03T10:37:57+00:00,1,2
292,Robert Bird,2006-06-12T05:59:03+00:00,3,2
293,Janet Todd,2008-10-22T08:21:27+00:00,1,2
294,Kimberly Manning,1997-10-14T12:56:55+00:00,1,1
295,Ashley Dean,1988-02-01T20:34:46+00:00,1,1
296,Taylor Lin,1971-12-20T01:30:46+00:00,2,3
297,William Rivera,1986-04-26T17:40:19+00:00,1,1
298,Adam Ramirez,1973-08-30T07:17:11+00:00,3,1
299,Mrs. Linda Harris,2017-09-11T02:19:38+00:00,2,1
300,Jeremiah Brown,1978-03-02T02:09:34+00:00,1,2
301,Daniel Powers,2013-03-31T02:26:54+00:00,1,1
302,Lauren Williams,1971-01-19T23:51:56+00:00,1,1
303,Samuel Spencer,2015-03-06T22:14:31+00:00,3,3
304,Frederick Ryan,2020-01-28T11:21:51+00:00,2,1
305,Grace Park,1981-05-27T16:08:28+00:00,3,3
306,Rebecca Shepherd,2017-07-29T13:49:27+00:00,1,2
307,Michael Smith,1986-10-27T22:01:40+00:00,2,2
308,Perry Jenkins,1995-01-30T13:37:41+00:00,2,2
309,William Compton,2006-10-16T04:40:46+00:00,2,3
310,Rachel Miller,1980-03-14T23:02:48+00:00,1,3
311,Peter Poole,1989-09-06T07:45:33+00:00,2,3
312,Angela Henry MD,1975-09-08T09:38:04+00:00,2,2
313,Brooke Lindsey,2003-02-05T04:37:05+00:00,3,1
314,Cesar Brown,1989-12-07T08:11:07+00:00,1,3
315,Ashley Ryan,1983-09-09T06:22:12+00:00,3,3
316,Nichole Matthews,2008-07-26T00:48:40+00:00,3,3
317,Timothy Jensen,1970-12-02T06:44:39+00:00,2,2
318,Kimberly Smith,2014-12-21T22:02:42+00:00,2,3
319,Michael Hall,1976-07-17T05:45:18+00:00,2,2
320,Samantha Williams,2021-10-31T10:06:18+00:00,3,1
321,Karen Lane,2004-07-06T14:10:33+00:00,2,2
322,Omar White,2014-04-29T04:42:11+00:00,1,3
323,Alvin Carpenter,2017-04-21T17:36:54+00:00,2,2
324,Travis Chase,2003-12-18T03:51:12+00:00,1,2
325,Laura Frye,1983-05-03T19:34:44+00:00,1,2
326,Ronald Long,2021-06-17T09:03:51+00:00,3,1
327,Zachary Hill,1998-07-26T15:17:48+00:00,1,1
328,Timothy Adkins,2015-09-06T12:01:41+00:00,2,1
329,Stanley Fisher,2007-09-15T08:51:20+00:00,3,1
330,Katherine Aguilar,2011-10-08T09:42:54+00:00,1,3
331,Elizabeth Stark,1999-04-26T08:13:07+00:00,2,2
332,Ashley Thomas,1998-01-04T20:33:27+00:00,2,3
333,Daniel Medina,1984-09-18T11:25:51+00:00,3,2
334,Erica Perez,1989-10-19T02:42:19+00:00,3,2
335,Paul Peterson,1980-03-22T09:58:37+00:00,2,2
336,Victor Cruz,2009-09-21T01:16:33+00:00,1,3
337,Brian Patterson,1993-03-18T12:02:19+00:00,3,2
338,Alexandra Villarreal,1977-06-12T07:57:21+00:00,3,3
339,Daniel Cox,1975-06-13T10:22:54+00:00,1,2
340,John Torres,1999-03-14T19:20:55+00:00,1,3
341,Randy Lara,1997-02-27T11:33:52+00:00,3,1
342,William Stephens,1993-03-23T18:36:46+00:00,3,3
343,David Hubbard,2017-06-25T05:53:04+00:00,3,1
344,Nicole Miller,1976-07-14T09:13:23+00:00,3,3
345,Mark Phillips,2016-12-17T19:49:43+00:00,2,1
346,Margaret Patterson,1976-08-31T12:12:55+00:00,1,2
347,Renee Mccullough,1992-08-02T20:29:36+00:00,2,2
348,John Morgan,2009-03-20T21:24:44+00:00,2,2
349,James Robles,1982-06-10T22:51:53+00:00,3,3
350,Kayla Wood,1980-07-05T16:10:15+00:00,2,2
351,Nicole King,2004-11-26T13:45:39+00:00,3,2
352,Steven Quinn,2004-07-22T06:21:35+00:00,1,1
353,Jacob Conway,2010-04-02T01:44:43+00:00,1,3
354,Christopher Ortiz,2022-10-01T09:07:38+00:00,2,3
355,Alyssa Robbins,2010-05-03T03:25:38+00:00,2,3
356,Carrie Cruz,1994-03-03T23:38:08+00:00,1,3
357,Rhonda Reynolds,1976-08-04T16:23:05+00:00,3,3
358,Destiny Newton,1989-07-17T02:33:59+00:00,1,3
359,Benjamin Kim,2006-12-06T22:46:11+00:00,1,1
360,Jeffrey Carpenter,1994-12-12T06:52:30+00:00,3,2
361,Mike Ibarra,1971-11-26T23:49:35+00:00,2,2
362,Ronald White,2010-05-03T20:08:34+00:00,3,2
363,Julian Nelson,1990-07-08T02:14:43+00:00,2,2
364,Melissa Roth,2000-02-11T12:04:56+00:00,2,2
365,Christopher Williams Jr.,1989-04-20T08:17:17+00:00,1,2
366,Amy Frey,2003-11-15T02:23:50+00:00,3,3
367,Patrick Yates,2007-07-07T10:54:10+00:00,1,1
368,Kimberly Walker,1991-04-16T02:21:48+00:00,3,1
369,Albert Mcclain,1973-10-02T03:04:49+00:00,1,3
370,Tyler Smith,2022-05-18T02:17:47+00:00,3,1
371,Mark Doyle,1991-12-11T17:53:41+00:00,3,3
372,Kyle Donovan,2002-08-05T17:14:36+00:00,3,3
373,Ronald Jackson,2010-11-28T04:04:22+00:00,1,1
374,Christopher Booth,2011-02-13T14:11:04+00:00,1,2
375,Deanna Henderson,2006-01-30T17:33:43+00:00,2,2
376,Eric Wilson,1990-12-22T20:37:16+00:00,3,3
377,Dylan Nguyen,2002-04-18T00:15:53+00:00,1,2
378,Theresa Franklin,2005-02-05T18:15:35+00:00,1,2
379,Joel Brown,1994-05-12T23:12:15+00:00,1,2
380,Andrew Davis,2018-11-12T14:26:51+00:00,1,2
381,Daniel Schaefer,2002-07-08T13:31:06+00:00,3,3
382,Victor Knapp,1993-07-11T05:20:36+00:00,1,1
383,Melody Wallace,2011-07-27T20:30:01+00:00,3,3
384,Michelle Ferguson,2007-01-08T01:08:32+00:00,1,3
385,Jennifer Sanders,2019-09-08T16:10:30+00:00,3,1
386,Daniel Robinson,2016-11-22T07:27:29+00:00,1,2
387,Mariah Foster,2008-09-27T13:34:14+00:00,3,2
388,Darius Allen,2008-11-19T04:17:50+00:00,3,3
389,Julie Wilkinson,2021-05-14T07:20:27+00:00,2,1
390,Lindsay Rodriguez,1990-01-15T16:52:02+00:00,3,3
391,Gregory Smith,1976-01-28T06:33:23+00:00,2,3
392,Leslie Jones,1980-06-23T15:37:42+00:00,2,1
393,Christine Gray,2007-05-17T05:08:57+00:00,2,2
394,Justin Vargas,2020-05-20T15:56:57+00:00,1,1
395,Jason Hudson,1990-05-12T15:11:11+00:00,3,3
396,Jessica Cole,1997-02-06T19:08:43+00:00,3,3
397,Marcus Skinner,1995-03-29T18:30:03+00:00,1,3
398,Christine Anderson,1971-08-31T16:48:26+00:00,3,2
399,Michael Fisher,1992-05-04T21:43:19+00:00,2,3
400,Nicholas Harris,2011-04-19T15:51:04+00:00,3,1
401,Lawrence Bailey,2012-07-02T14:15:34+00:00,1,2
402,Steven Brown,2008-04-14T04:14:04+00:00,2,1
403,Katrina Chavez,2019-03-16T07:34:39+00:00,2,3
404,Brittany Wilson,2016-04-12T16:19:43+00:00,2,3
405,Taylor Brown,2007-12-06T04:13:39+00:00,3,1
406,Brandon Flores,2022-04-09T04:18:55+00:00,3,3
407,Peter Gonzales,1982-01-30T18:54:55+00:00,3,3
408,Jennifer Rogers,1972-08-16T07:48:47+00:00,3,1
409,Jonathan Bradshaw,2002-04-22T20:08:41+00:00,1,1
410,Kristine Richards,1993-12-30T15:48:10+00:00,2,3
411,Robin West,1994-05-30T18:16:29+00:00,1,3
412,Michael Arroyo,2013-01-05T21:32:38+00:00,2,3
413,Ivan Watkins,1982-05-11T05:59:02+00:00,1,1
414,Tiffany Barry,1997-05-18T20:11:49+00:00,3,2
415,Elizabeth Hamilton,2011-07-11T02:35:11+00:00,3,2
416,Lisa Johnson,1971-09-25T08:49:23+00:00,3,2
417,Mr. Bradley Hansen III,1988-03-22T02:45:50+00:00,1,1
418,Christian Leblanc,1997-05-30T12:59:27+00:00,1,3
419,Kelly Summers,2003-02-18T06:25:11+00:00,3,1
420,William Wilson,2002-01-13T07:56:06+00:00,2,1
421,Kathleen Wagner,2014-06-15T00:18:49+00:00,1,2
422,Dorothy Chavez,1989-03-11T08:04:27+00:00,1,2
423,Walter Snyder DDS,1981-10-10T22:58:54+00:00,2,3
424,Darren Mckee,1985-12-06T17:35:51+00:00,1,2
425,Cameron Lee,1985-08-18T19:58:31+00:00,1,2
426,Donna Daniels,2021-05-23T09:19:13+00:00,2,3
427,Kyle Pittman,1995-02-18T02:35:24+00:00,2,1
428,Christina Moore DDS,2007-07-11T03:01:35+00:00,3,3
429,Kirsten Turner,1989-11-15T18:40:39+00:00,1,1
430,Steven Romero,2014-03-31T11:27:53+00:00,2,1
431,Amanda Lewis,1976-12-10T11:05:41+00:00,2,2
432,Miguel Howell,1973-10-28T01:15:24+00:00,3,2
433,Tammie Tapia,1992-07-31T13:58:50+00:00,2,3
434,Joshua Fields,2012-06-21T07:26:32+00:00,2,3
435,Kevin Green,1988-07-04T10:50:09+00:00,3,3
436,Charles Campbell,2002-12-20T06:57:40+00:00,1,1
437,Sara Mills,1984-08-01T20:45:54+00:00,2,3
438,Cheryl Taylor,2007-12-07T10:09:09+00:00,2,3
439,Melinda Rodriguez,2001-08-22T20:14:17+00:00,2,1
440,Christopher Snyder,2005-11-19T13:01:02+00:00,2,2
441,Dennis Turner,1975-11-15T13:44:27+00:00,1,1
442,Cassandra Lane,1989-03-12T02:00:10+00:00,1,2
443,Melissa Pruitt,1980-05-07T05:14:42+00:00,1,2
444,Matthew Henry,1978-09-11T07:18:37+00:00,3,3
445,Brenda Ortiz,1971-09-18T15:01:20+00:00,3,3
446,William Baker,2001-09-01T09:03:43+00:00,3,1
447,Donna Zamora,1976-01-14T06:30:42+00:00,1,3
448,Sandra Sweeney,2019-08-11T20:31:09+00:00,2,1
449,Karen Herring,1978-11-19T22:18:28+00:00,2,2
450,Daniel Ford,1974-10-31T15:32:26+00:00,1,1
451,Danielle Delgado,1985-08-12T05:23:26+00:00,1,3
452,Tara Maxwell,1973-03-28T08:38:17+00:00,1,2
453,Danielle Simmons,1979-09-08T20:06:44+00:00,2,2
454,Gabriella Scott,1993-06-16T03:31:34+00:00,3,3
455,Pamela Johnson,1987-09-20T03:57:33+00:00,2,3
456,Brian Mcclure,1994-11-18T14:15:31+00:00,3,3
457,Lisa Wright,2015-01-15T06:41:46+00:00,3,2
458,Paula Peters,2023-03-05T02:48:11+00:00,1,2
459,Cynthia Vance,2006-01-22T22:05:47+00:00,1,1
460,Matthew Raymond,1988-05-25T13:02:46+00:00,3,1
461,Randall Perez,1971-10-26T01:13:42+00:00,2,1
462,Joseph Owens,2021-02-22T16:32:59+00:00,1,1
463,Miranda Washington,1986-09-28T17:18:52+00:00,3,1
464,John English,2017-01-15T17:52:06+00:00,3,3
465,Kari Diaz,1991-02-05T19:18:09+00:00,3,3
466,Andrew Bell,1971-05-05T06:55:47+00:00,3,1
467,Ronald Jones,2012-02-27T08:24:36+00:00,2,3
468,Ashley Briggs,2000-12-22T14:12:23+00:00,2,1
469,Charlotte Martin,2010-06-13T08:15:07+00:00,3,3
470,Andrew Ortiz,2018-10-20T03:49:46+00:00,1,3
471,Sean Garcia,1995-09-01T17:52:27+00:00,3,1
472,Adam Bray,2019-09-04T12:04:24+00:00,3,2
473,Melissa Little,1976-08-23T00:01:03+00:00,1,1
474,Kimberly Taylor,1986-03-27T12:49:30+00:00,2,2
475,Tom Martinez,1994-08-13T23:06:39+00:00,1,3
476,Dennis Taylor,1989-04-25T16:09:58+00:00,3,2
477,Stephen Olson,2008-08-03T16:12:59+00:00,3,1
478,Megan Anderson,1975-10-26T12:20:19+00:00,2,3
479,Brian Parker,1970-06-07T18:25:34+00:00,3,2
480,Kevin Doyle,1979-04-22T18:16:13+00:00,1,3
481,Amy Pham,1975-11-22T18:16:45+00:00,3,1
482,James Hernandez,2001-12-15T03:03:27+00:00,2,2
483,Donna Michael,2021-02-09T05:58:21+00:00,2,2
484,Isaiah Bauer,1983-08-10T14:04:09+00:00,1,3
485,Dennis Miles,2009-04-11T10:29:13+00:00,2,3
486,Christina Branch,1974-09-01T07:55:55+00:00,1,1
487,Jessica Sherman,2011-12-21T19:47:41+00:00,3,1
488,Leslie Moss,1972-03-12T19:53:29+00:00,2,3
489,Philip Smith,2007-10-29T10:30:57+00:00,2,2
490,Roberta Franklin,1977-02-17T04:36:45+00:00,3,1
491,Alex Johnson,2003-08-09T03:10:05+00:00,1,1
492,Gregory Dunn,1993-08-14T05:11:31+00:00,2,2
493,Megan Myers,1978-01-23T00:00:11+00:00,3,3
494,Chloe Baker,2017-03-09T04:04:50+00:00,2,1
495,Jessica Koch,1990-11-28T08:54:33+00:00,1,2
496,Sherry Fitzgerald,1976-03-23T18:19:50+00:00,1,2
497,Kimberly Glenn,1981-03-19T02:28:35+00:00,1,3
498,Sarah Newton,1978-08-31T02:26:23+00:00,2,2
499,Edward Jackson,1981-03-19T03:29:05+00:00,2,1
500,Tammy Warren,1980-11-24T23:35:29+00:00,3,1
501,Erica Hayes,2006-04-15T08:54:15+00:00,2,3
502,Mark Moore,2012-08-31T00:25:36+00:00,1,3
503,Amber Acosta,2009-01-21T17:28:34+00:00,3,3
504,James Price,1993-11-10T22:10:39+00:00,2,1
505,Anthony Ferguson,2014-07-14T01:09:26+00:00,1,2
506,Tracy Johnson,2009-04-05T08:48:53+00:00,1,2
507,Brandy Brown,2002-02-07T09:22:13+00:00,1,1
508,Kristen French,2004-05-13T15:04:38+00:00,1,2
509,Rebecca Campbell,1990-01-08T18:16:36+00:00,3,2
510,John Jackson,2002-10-20T18:43:18+00:00,1,1
511,Ryan Terry,2020-01-22T09:30:04+00:00,2,1
512,Frank Owen,1980-09-14T00:46:42+00:00,1,3
513,Susan Brown,1982-11-09T16:26:39+00:00,1,3
514,Walter Hinton,2009-05-08T19:37:57+00:00,3,1
515,Sergio Richardson,2019-07-28T19:57:06+00:00,3,2
516,Tammy Chavez,1987-08-08T09:15:53+00:00,1,3
517,Holly Stafford,2007-05-31T18:47:18+00:00,2,2
518,Sonya Berry,2010-11-13T18:58:58+00:00,3,1
519,Stacie Black,2009-08-28T05:22:38+00:00,2,2
520,Christina Lee,2009-02-26T11:03:22+00:00,3,3
521,Teresa Williams,2011-04-11T09:59:32+00:00,2,3
522,Taylor Smith,2014-03-29T06:39:00+00:00,1,3
523,Ronnie Snyder,1970-05-30T06:24:17+00:00,3,3
524,Valerie Hernandez,1972-09-13T10:41:46+00:00,2,1
525,Donald Valdez,1998-08-01T09:19:32+00:00,3,2
526,Joshua Miller,1982-12-18T03:48:41+00:00,3,1
527,Joshua Anderson,2004-05-14T11:43:01+00:00,1,3
528,Michael Nelson,2010-03-09T06:51:08+00:00,2,3
529,Elizabeth Arnold,2010-08-30T15:57:43+00:00,2,3
530,Adam Gould,2003-05-09T12:13:01+00:00,2,3
531,Jerry Martinez,1993-01-08T00:09:54+00:00,1,1
532,John Oliver,1995-06-04T08:04:06+00:00,3,2
533,Melissa Montgomery,1984-11-30T04:14:44+00:00,1,1
534,Eddie Graham,1979-11-14T15:51:46+00:00,2,1
535,Dennis Torres,2014-12-08T15:58:45+00:00,1,1
536,Richard Holt,1978-08-11T12:05:46+00:00,3,1
537,Darren Hall,2007-08-14T22:30:06+00:00,2,1
538,Mark Kirk,1983-10-16T17:16:19+00:00,2,2
539,Rachel Powell,1977-08-22T01:06:33+00:00,1,1
540,Stacy Walker,1991-07-27T06:44:59+00:00,1,2
541,Alexander Johnson,1983-01-18T02:44:22+00:00,2,1
542,Kevin Black,1983-11-06T07:48:21+00:00,2,2
543,Debra Franco,2012-11-24T12:42:11+00:00,2,3
544,Nancy Jimenez,1998-02-06T17:21:46+00:00,3,1
545,Cynthia Walker,2022-11-06T03:55:48+00:00,2,1
546,Lisa Griffith,2020-02-10T17:39:45+00:00,2,3
547,Jordan Garrett,1995-10-17T13:31:23+00:00,2,1
548,Haley Buchanan,2011-08-12T04:11:15+00:00,3,2
549,Gail Acosta,1978-08-03T06:23:01+00:00,3,3
550,Patricia Hunter,2022-03-16T13:01:49+00:00,1,2
551,Paul Palmer,1980-08-24T10:45:12+00:00,1,1
552,Jeremy Walsh,1991-05-31T21:25:08+00:00,3,1
553,Warren Jones,1989-12-01T04:48:32+00:00,1,3
554,Victor Snyder,1982-07-14T18:35:25+00:00,2,2
555,Elizabeth Smith,1973-11-23T02:32:17+00:00,2,2
556,Mrs. Jamie Vega,1989-11-20T14:03:37+00:00,3,1
557,Meredith Gonzales,1990-03-18T14:48:22+00:00,1,3
558,Christopher Robinson,1980-06-10T01:22:17+00:00,2,1
559,Jon Pratt,2014-11-21T22:35:33+00:00,2,1
560,Emily Hobbs,1997-09-17T03:42:46+00:00,1,2
561,Hannah Morton,2012-02-28T08:27:29+00:00,2,2
562,Brian Griffin,1973-09-07T22:36:53+00:00,2,2
563,Christopher Stokes,1984-09-21T13:31:22+00:00,1,1
564,Theresa Davies,2013-08-04T01:56:07+00:00,2,1
565,Cody Nunez,1980-02-22T17:58:40+00:00,1,2
566,Amanda Sutton,1995-01-01T19:13:50+00:00,3,3
567,Linda Rowe,1975-06-18T06:58:56+00:00,1,2
568,Antonio Lee,1995-01-12T11:42:20+00:00,2,1
569,Jennifer Burch,2022-03-07T04:09:49+00:00,3,1
570,Rebecca Dudley,1978-09-24T23:05:14+00:00,1,2
571,Brian Hall,1993-08-13T13:16:54+00:00,2,1
572,Bryan Gomez,1996-07-29T12:14:16+00:00,2,1
573,Christopher Brown,1989-11-10T09:55:57+00:00,3,2
574,Brian Davis,2001-12-08T12:10:44+00:00,1,1
575,John Phelps,1991-12-21T00:02:07+00:00,1,3
576,Linda Escobar,1991-04-24T04:20:50+00:00,3,3
577,Joel White,1999-03-24T21:04:23+00:00,1,3
578,David Lyons,2004-05-07T15:04:07+00:00,3,2
579,Jeffrey Walker,1989-10-15T10:20:03+00:00,1,1
580,Sandra Curry,1978-04-30T18:36:02+00:00,1,2
581,Zachary Hicks,2017-09-03T02:09:04+00:00,2,1
582,Christopher Jones,1973-09-20T15:47:02+00:00,3,2
583,Calvin Diaz,2007-10-25T07:51:30+00:00,2,1
584,Keith Morgan,2003-04-10T07:23:09+00:00,2,1
585,Timothy Williams,1981-04-07T19:33:00+00:00,3,3
586,Maria Singh,2019-04-26T15:31:43+00:00,2,2
587,Nicholas Jimenez,2023-02-16T04:06:16+00:00,2,1
588,Jennifer Choi,2021-05-14T22:08:22+00:00,1,3
589,Christopher Marsh,1993-11-05T13:32:26+00:00,2,2
590,Joseph Nguyen,1984-06-16T23:17:58+00:00,1,2
591,Nicole Garcia,2017-07-15T04:56:35+00:00,3,3
592,Sandra Smith,1997-03-03T06:09:42+00:00,3,1
593,Vickie Decker,2015-07-17T16:52:51+00:00,3,2
594,Sherri Parker,1988-06-01T05:58:16+00:00,1,1
595,Karla Jones,2013-11-12T18:25:41+00:00,1,3
596,Hannah Smith,2015-09-18T17:10:30+00:00,3,1
597,Laura Garcia,2013-09-19T04:11:59+00:00,2,1
598,Zachary Harper,1988-10-12T08:16:34+00:00,2,2
599,Whitney Valentine,1974-02-20T05:08:22+00:00,2,3
600,Alexander Fleming,2005-08-10T14:24:13+00:00,2,3
601,Angela Perez,2013-06-10T08:23:55+00:00,2,2
602,Brandon Gray,2005-12-29T10:36:46+00:00,2,3
603,Bonnie Alvarez,1994-11-05T23:15:35+00:00,2,1
604,Danny Morales,2000-06-04T05:50:54+00:00,2,2
605,Wendy Clark,2005-01-07T10:46:14+00:00,2,2
606,Melanie Orozco,1987-11-27T21:20:59+00:00,1,2
607,Ashley Atkins,2016-12-23T12:06:26+00:00,1,3
608,Angela Hall,1997-08-09T22:50:24+00:00,1,2
609,Alexandra Howell,1991-05-06T05:25:56+00:00,2,2
610,Jamie Smith,1997-11-05T01:43:00+00:00,2,1
611,Christian Tate,1976-06-10T00:45:06+00:00,1,3
612,Michael Kennedy,1974-08-14T07:13:35+00:00,3,2
613,Mrs. Melissa Durham,1995-06-10T00:12:45+00:00,1,1
614,Cody Bird,1972-09-27T20:37:05+00:00,1,3
615,Erik Klein,1985-11-28T16:02:24+00:00,1,3
616,Matthew Chambers,2019-07-03T16:41:32+00:00,3,2
617,Brittney Griffith,2015-04-17T04:29:49+00:00,1,2
618,Victor Arnold,1989-02-20T08:30:00+00:00,2,2
619,Leslie Banks,2001-09-27T14:28:18+00:00,2,1
620,Mr. Anthony King,1974-02-16T22:00:22+00:00,1,2
621,Kenneth Shields,1993-07-21T17:05:27+00:00,3,3
622,Joanna Henderson,2022-01-11T19:51:08+00:00,1,1
623,Katherine Hart,1977-08-07T13:56:15+00:00,2,1
624,Darlene May,1978-02-14T15:53:39+00:00,3,3
625,David Odom,1989-12-20T09:32:41+00:00,3,2
626,Kevin Young,2022-03-04T01:51:21+00:00,2,1
627,Christy Young,1974-02-10T02:43:06+00:00,2,2
628,Tracy Sanders,2009-03-11T08:41:19+00:00,2,1
629,Dana Scott,1973-03-10T13:37:44+00:00,3,2
630,April Noble,1988-09-03T02:38:01+00:00,1,2
631,Anthony Banks,2016-05-08T17:45:36+00:00,3,3
632,Paul Davila,1979-07-15T07:24:39+00:00,1,2
633,Michelle Hill,1983-02-18T13:27:20+00:00,3,3
634,Jennifer Jackson,2009-04-24T17:17:19+00:00,2,2
635,Scott Williams,2000-12-04T20:30:44+00:00,3,3
636,Eric Holland,1996-06-17T21:09:16+00:00,2,2
637,Jeffrey Ferguson,1990-01-21T19:15:15+00:00,3,1
638,Chad Stanley,2008-01-17T10:42:40+00:00,1,2
639,Amber Lee,2000-03-11T10:56:02+00:00,1,1
640,Maria Morse,2017-07-25T16:21:04+00:00,1,1
641,Paul Hanson,1979-09-18T07:17:48+00:00,2,3
642,Anthony Vaughn,2000-12-13T20:53:40+00:00,2,3
643,Mary Mccarthy,2003-12-28T23:37:36+00:00,2,1
644,Andrew Hernandez,1984-09-23T05:57:18+00:00,2,3
645,Taylor Hudson,2009-12-02T08:45:56+00:00,2,2
646,Sean Houston,1982-11-16T12:56:46+00:00,2,2
647,Matthew Alvarez,1988-03-28T02:11:56+00:00,3,1
648,Maria Ford,2015-05-17T21:11:37+00:00,2,3
649,Nicole Davis,1998-03-16T03:36:19+00:00,1,2
650,Abigail Perez,1986-01-20T06:57:13+00:00,1,3
651,Jerry Cruz II,1984-02-22T06:32:06+00:00,2,3
652,Brittany Obrien,2016-09-24T16:20:50+00:00,3,2
653,James Jones,1972-03-12T00:12:36+00:00,2,3
654,Valerie Johnson,1998-05-17T23:00:53+00:00,2,3
655,Rachel Lynch,1992-07-26T21:05:06+00:00,2,3
656,Amy Allen,1978-11-30T18:10:55+00:00,1,2
657,Craig Johnson,1995-10-13T05:38:25+00:00,2,3
658,Mr. Eric Moody,1998-09-07T05:21:14+00:00,3,3
659,Kathryn Johnson,1979-06-23T13:31:34+00:00,2,2
660,Jeanne Wade,1999-08-08T19:02:36+00:00,2,3
661,Alexis Williams,2021-04-20T03:51:26+00:00,2,3
662,Amanda Lozano,1981-10-21T13:33:19+00:00,3,3
663,Carol Young,1994-04-18T22:38:31+00:00,1,2
664,Mr. Gregory Rodgers,1985-08-10T06:38:46+00:00,2,1
665,Jacob Thomas,1973-05-26T14:20:34+00:00,1,2
666,David Miller,1982-04-11T03:53:21+00:00,1,2
667,Gabriel Bartlett,1982-05-28T02:04:02+00:00,1,3
668,Kristen Burke,1985-03-29T09:44:43+00:00,1,1
669,Anna Willis,1976-11-14T05:28:09+00:00,2,3
670,Kimberly Warner,1996-09-12T23:01:44+00:00,3,3
671,Carol Alvarado,1991-10-26T22:19:43+00:00,2,3
672,Stanley Brown,1977-09-19T23:18:11+00:00,2,2
673,Sheila Carney,1982-03-11T01:24:21+00:00,3,1
674,Miranda Trujillo,1980-01-17T07:56:36+00:00,2,3
675,Kelsey Wall,1988-11-19T07:10:30+00:00,2,2
676,Nancy Sanchez,1993-02-08T18:38:10+00:00,3,1
677,Madison Knight,2014-08-23T02:17:24+00:00,1,3
678,Diane Collins,1985-11-09T01:25:12+00:00,2,3
679,Benjamin Hicks,1987-11-06T03:07:31+00:00,1,1
680,Courtney Anderson,1980-11-24T15:43:31+00:00,3,1
681,Lisa Cruz,2000-02-14T11:27:54+00:00,1,2
682,Sarah Wright,1999-03-03T07:11:07+00:00,2,2
683,Ebony Carroll,2014-11-10T04:28:30+00:00,3,3
684,Lindsay Wang,2000-09-22T10:50:03+00:00,3,1
685,Douglas Anderson,1995-08-16T05:31:04+00:00,3,1
686,Kent Morrow,2001-06-07T11:14:19+00:00,1,3
687,Emily Guzman,1972-03-21T08:53:23+00:00,2,1
688,Daniel Watson,1982-12-03T12:52:33+00:00,3,3
689,Kelsey Flores,1985-01-27T04:02:12+00:00,1,3
690,Roy Phillips,2022-04-17T12:25:28+00:00,1,2
691,Troy Miller,2019-07-10T17:44:41+00:00,3,1
692,Jennifer Alvarez,1981-01-05T15:15:20+00:00,3,2
693,Jeffrey Terrell,2001-04-16T18:55:59+00:00,1,1
694,Steven Mendez,1995-08-05T16:17:58+00:00,2,1
695,Candice Oconnor,1980-10-20T00:01:31+00:00,3,1
696,Parker Morales,2003-12-28T09:30:54+00:00,3,2
697,Bradley Moore,1980-08-07T01:12:03+00:00,1,3
698,Chloe Hopkins,2004-12-12T15:22:43+00:00,1,3
699,Jennifer Moore,1974-11-20T22:48:01+00:00,1,2
700,Brian Villarreal,2005-09-30T06:47:32+00:00,1,3
701,Theresa Martin,1990-04-15T04:44:48+00:00,3,1
702,Melody Sullivan,1971-12-17T19:48:32+00:00,1,1
703,Robert Hancock,1986-09-03T14:01:05+00:00,3,1
704,Thomas Mann,1983-06-07T07:18:44+00:00,1,1
705,Ian Deleon MD,1988-12-22T03:11:10+00:00,1,1
706,Timothy Miller,2007-05-06T06:35:28+00:00,1,2
707,Crystal Miller,2020-11-14T14:20:54+00:00,3,2
708,Kayla Reed,1989-03-28T02:36:12+00:00,3,3
709,Tamara Myers,2021-04-02T12:10:02+00:00,2,3
710,Melissa Best,2017-03-04T15:21:20+00:00,3,1
711,Amy Stuart,2017-11-13T00:03:33+00:00,3,3
712,Geoffrey Mccall,2006-06-14T06:18:52+00:00,1,2
713,Paula Macias,2017-07-10T12:10:46+00:00,2,3
714,Stephanie Wagner,2015-05-05T11:13:33+00:00,1,1
715,Derek Cooper,1995-06-01T01:32:33+00:00,2,2
716,Ricky Preston,1981-08-14T03:44:08+00:00,3,1
717,Taylor Gray,2008-02-25T21:58:34+00:00,1,1
718,Kristin Mathews,1992-09-11T15:21:21+00:00,3,3
719,Kevin Gray,2018-08-06T20:15:20+00:00,2,2
720,Miss Leah Davis MD,1973-09-10T15:36:43+00:00,2,1
721,Clayton Wong,2008-05-20T20:45:29+00:00,1,3
722,Harold Mcdonald,2008-09-10T01:50:24+00:00,3,1
723,Donald Dalton,2004-10-13T11:11:39+00:00,3,2
724,Dominique Reed,1995-10-16T06:34:03+00:00,1,2
725,Debra Powers,1998-10-11T20:34:45+00:00,3,2
726,Tracey Roman,2009-09-06T17:44:22+00:00,3,3
727,Sheila Mcbride,2021-09-07T22:33:04+00:00,1,2
728,Scott Zamora,2010-11-23T00:34:24+00:00,2,2
729,Lori Howell,2019-07-01T03:23:13+00:00,1,2
730,James Evans,2005-07-29T17:23:27+00:00,1,1
731,Sarah Bonilla MD,2017-12-04T02:33:27+00:00,2,3
732,Adam Graves,2021-05-31T08:51:55+00:00,3,1
733,Jason Ross,1985-07-01T03:49:40+00:00,2,2
734,Jessica Ford,1994-12-17T15:38:40+00:00,3,2
735,Nancy Lambert,1996-07-09T22:31:06+00:00,3,3
736,Tina Crawford,1996-05-31T20:34:42+00:00,2,3
737,Raymond Sampson,1984-09-11T21:59:41+00:00,1,3
738,Derek Ellis,2010-07-30T15:20:52+00:00,3,3
739,Lisa Nash,2012-05-04T11:44:14+00:00,2,3
740,Jeffery Sullivan,2000-10-29T08:53:05+00:00,1,1
741,Lauren Cameron,1977-04-21T02:44:32+00:00,2,3
742,Deborah Williams,2013-05-02T15:07:09+00:00,2,2
743,Rhonda Richard,1979-08-22T20:48:26+00:00,3,1
744,Amanda Burke,2003-11-22T15:56:01+00:00,3,2
745,Michael Baker,1991-04-08T06:52:53+00:00,3,2
746,Douglas Floyd,2006-09-22T12:25:13+00:00,1,1
747,Andrew Choi,2016-03-08T12:31:37+00:00,1,1
748,Justin Hanson,1979-10-28T09:22:10+00:00,1,2
749,Monica Harris,1994-09-18T11:32:59+00:00,2,1
750,Betty Kim,1972-03-02T19:20:59+00:00,1,1
751,Jennifer White,1988-05-23T19:02:20+00:00,1,2
752,Michelle Dunn,2015-02-11T19:55:21+00:00,1,1
753,Jacqueline Mendoza,1987-09-04T01:25:30+00:00,1,2
754,Jennifer Henderson,1991-05-23T15:31:06+00:00,2,2
755,Helen Maldonado,2000-08-02T17:23:06+00:00,3,1
756,Scott Clark,1973-10-17T00:29:11+00:00,3,2
757,Courtney Malone,2004-04-24T06:22:43+00:00,2,3
758,Bradley Shaw,2020-11-11T08:55:46+00:00,2,2
759,William Strickland,1987-05-11T03:02:24+00:00,2,3
760,Anita Goodman,1982-07-01T19:11:28+00:00,3,1
761,Gregory Kaufman,1985-06-23T11:35:19+00:00,1,1
762,Briana Reeves,1982-07-27T05:02:06+00:00,3,3
763,Marilyn Brown,1993-06-15T10:24:35+00:00,2,3
764,William Oliver,1989-01-02T03:05:34+00:00,2,3
765,Nicholas Barajas,1975-09-12T20:14:21+00:00,3,1
766,Mary Gallegos,1999-12-20T11:23:50+00:00,1,3
767,Paige Williamson,2021-10-09T07:29:34+00:00,3,3
768,Stephen Thompson,2004-03-23T01:34:45+00:00,3,1
769,Kylie Perez,2016-03-27T07:40:46+00:00,2,3
770,Mark Nguyen,1982-06-30T07:06:36+00:00,2,3
771,Amanda Byrd,1994-09-07T03:15:25+00:00,2,2
772,Ricardo Miller,2003-08-01T18:41:01+00:00,3,3
773,Lacey Hall,2006-08-25T03:46:21+00:00,1,2
774,Carol Chaney,2012-09-20T22:59:11+00:00,1,3
775,Brad Hamilton,1989-04-06T22:36:22+00:00,1,1
776,Jennifer Wilson,1981-02-11T16:57:04+00:00,3,1
777,Fernando Schneider,2009-06-18T11:26:59+00:00,2,1
778,Deborah Williams,1975-09-24T10:06:59+00:00,1,1
779,Shannon Reilly,2000-11-28T10:00:23+00:00,3,2
780,Mr. Brandon Herrera,1990-08-15T02:15:23+00:00,2,1
781,Catherine Oneal,1996-09-24T06:58:58+00:00,3,3
782,Teresa Burnett,1997-09-06T11:28:46+00:00,1,1
783,Lisa Brown,1977-03-30T13:05:23+00:00,3,1
784,Sherry Dixon,2015-01-28T21:12:30+00:00,3,2
785,Angel Bell,1992-08-04T20:38:29+00:00,2,1
786,Alexander Jones,1990-03-07T22:27:39+00:00,1,3
787,Evan Wheeler,1970-12-23T02:58:46+00:00,3,1
788,Annette Morrow,1977-05-20T08:25:54+00:00,1,1
789,Timothy Macdonald,1978-08-20T18:03:16+00:00,3,2
790,Mary Harmon,2013-03-31T08:15:14+00:00,3,2
791,Wendy Willis,1996-10-24T00:28:34+00:00,1,3
792,Brandon Randall,1999-05-23T12:20:57+00:00,3,1
793,Diana Martinez,1973-06-23T15:16:30+00:00,3,2
794,Jonathon Wilson,1988-05-20T05:09:55+00:00,1,1
795,Nicholas Khan,1972-08-16T19:15:20+00:00,2,1
796,Leah Myers,1970-04-08T14:26:28+00:00,2,2
797,Kevin Henderson,1981-08-26T15:18:24+00:00,2,3
798,Patricia Pennington,2008-10-19T06:12:30+00:00,1,2
799,Karen Mullins,2002-03-13T11:17:49+00:00,3,1
800,Kirsten Blake,2005-10-26T03:29:47+00:00,2,1
801,Jennifer Prince,1985-11-11T21:58:49+00:00,1,3
802,Mark Navarro,2002-04-01T14:24:26+00:00,1,3
803,James Jacobson,2004-12-01T16:32:43+00:00,1,3
804,Sheena Simmons,2019-04-29T16:53:32+00:00,1,1
805,Melody Rodriguez,2019-10-18T07:59:33+00:00,3,1
806,David Ross,1989-01-12T13:29:33+00:00,2,1
807,Veronica Mitchell,1990-10-13T02:44:18+00:00,2,1
808,Michael Dodson,1971-06-14T17:34:26+00:00,2,2
809,Kevin Wheeler,1999-07-28T03:49:10+00:00,1,3
810,Crystal Jackson,2000-07-28T07:36:35+00:00,2,1
811,Kevin Brown,2017-07-20T06:24:00+00:00,1,3
812,Jamie Ramsey,2010-08-23T05:10:35+00:00,3,3
813,Mr. Alexander May,2004-02-16T05:19:09+00:00,3,1
814,Debbie Villanueva,1981-03-12T03:44:37+00:00,2,1
815,Heather Crane,2005-07-26T23:35:08+00:00,2,3
816,Gloria Proctor,2020-10-31T02:16:33+00:00,1,3
817,Jamie Barnes,1989-09-25T21:55:33+00:00,2,1
818,Karen Peters,2015-12-24T00:38:33+00:00,3,1
819,Jeffery Lara,2005-11-08T18:32:07+00:00,3,1
820,Michael Adams,1987-05-15T10:31:44+00:00,3,2
821,Deborah Oliver,1993-09-19T22:34:45+00:00,3,1
822,Sandra Torres,1997-06-19T20:37:45+00:00,1,3
823,Heather Lozano,1982-06-24T14:50:08+00:00,1,2
824,Melissa Davis,2019-03-08T17:51:20+00:00,2,2
825,Joseph Burns,1992-02-11T13:27:57+00:00,2,1
826,Kelly Phillips,1987-02-19T02:35:56+00:00,1,2
827,Rachel Wallace,1972-02-27T07:31:19+00:00,3,1
828,Katelyn Cannon,1984-06-07T21:18:21+00:00,1,1
829,Shawn Wilson,1976-01-13T05:19:23+00:00,3,2
830,Alexis Garcia MD,1993-12-31T14:15:30+00:00,3,3
831,Sheila Carson,2004-12-19T21:01:07+00:00,2,3
832,Raymond Graham,2020-08-22T14:59:01+00:00,2,3
833,Mary Klein,2004-07-30T01:37:32+00:00,2,1
834,Amy Simon,2015-09-16T15:50:54+00:00,3,1
835,Christina Little,1982-11-22T20:17:22+00:00,2,1
836,Cassidy Perez,1980-10-11T22:40:14+00:00,3,1
837,William Lane MD,2019-04-12T06:39:41+00:00,3,3
838,Travis Mcdaniel,1972-07-20T12:02:17+00:00,3,2
839,Christopher Patterson,2017-11-01T09:00:39+00:00,3,3
840,Amanda Evans,1993-06-21T12:47:17+00:00,1,1
841,Timothy Petty,1987-01-23T21:46:12+00:00,3,1
842,Brian Williams,1983-08-17T22:28:35+00:00,3,3
843,Billy Clark,1974-08-31T12:56:03+00:00,2,1
844,Bryan Sweeney,1991-10-17T04:42:20+00:00,1,2
845,Roberto Fleming,1993-12-05T12:52:46+00:00,3,3
846,Marc Mcdonald,1975-10-30T07:25:30+00:00,1,3
847,Ivan Smith,2014-09-03T14:30:31+00:00,2,1
848,Daniel Haynes,1982-10-10T00:47:17+00:00,2,3
849,Melissa Martinez,1994-01-20T08:34:19+00:00,3,1
850,Casey Mahoney,2004-02-26T08:02:37+00:00,1,2
851,Anna Powell,2022-10-24T14:37:21+00:00,3,3
852,Sarah Patterson,1998-12-01T05:15:03+00:00,1,3
853,Amanda Le,1970-06-17T12:51:15+00:00,1,2
854,Christopher Cowan,1978-07-17T07:04:01+00:00,3,2
855,Catherine Estes,1978-04-30T01:20:28+00:00,1,3
856,Tina Parrish,1985-06-05T19:20:53+00:00,1,2
857,Tiffany Medina,2005-12-01T03:29:02+00:00,2,1
858,Patrick Gordon,1972-01-29T22:54:59+00:00,1,1
859,Charles Johnson,2006-11-23T11:25:08+00:00,1,2
860,Lucas Hamilton,1971-04-18T00:46:40+00:00,2,1
861,Denise Lloyd,1977-11-29T17:16:22+00:00,2,1
862,Jason Sanchez,1985-03-10T07:19:06+00:00,3,3
863,Annette Sanchez,2021-07-12T22:42:47+00:00,3,1
864,Mr. James Shields MD,2018-11-27T23:02:40+00:00,3,1
865,Barbara Hall,2011-07-30T15:16:25+00:00,2,1
866,Phillip Long,2008-01-30T05:15:50+00:00,1,1
867,Barbara Vasquez,1995-08-31T21:53:28+00:00,3,3
868,Kelly Flores,1998-08-31T15:13:09+00:00,3,1
869,Mark Goodman,2000-02-25T21:43:23+00:00,1,1
870,Bridget Smith,2020-09-10T17:21:04+00:00,1,1
871,Isaac Colon,2014-08-08T13:21:26+00:00,2,3
872,Lindsey Merritt,2019-04-23T14:00:49+00:00,1,2
873,Pamela Ray,2011-01-04T14:11:49+00:00,1,2
874,Amy Hart,1985-07-31T04:44:56+00:00,3,1
875,Duane Drake,1994-01-03T18:19:24+00:00,1,3
876,Joshua Potter,1985-10-23T05:51:42+00:00,2,1
877,Courtney Graham,2016-03-23T03:37:41+00:00,1,2
878,Lucas Pugh,1984-12-23T08:55:50+00:00,2,2
879,Linda Anderson,2017-07-16T05:04:10+00:00,2,3
880,Frank Trujillo,2021-10-06T02:45:18+00:00,3,2
881,Brittany Fields,1991-02-10T16:05:09+00:00,2,1
882,William Patterson,1984-02-28T15:33:58+00:00,1,3
883,Toni Reilly,1987-06-10T15:19:43+00:00,3,3
884,John Ali,2000-09-08T22:24:43+00:00,3,3
885,Ryan Mcgee,2020-04-07T03:20:30+00:00,3,3
886,Sherry Newton,1973-12-23T19:35:21+00:00,3,2
887,Eric Parker,1971-06-05T04:54:53+00:00,1,2
888,Scott Jordan,2008-04-11T04:30:29+00:00,3,2
889,Donald Jackson,2005-08-02T11:46:09+00:00,3,3
890,Michelle Brooks,2004-07-10T14:18:34+00:00,3,2
891,Jennifer Hicks,1990-07-06T01:06:18+00:00,2,1
892,Thomas Hudson,1977-04-25T22:17:45+00:00,1,2
893,Elizabeth Peterson,2010-05-17T08:59:08+00:00,1,3
894,Danny Luna,1987-10-14T00:54:31+00:00,3,1
895,Mr. Shane Dorsey,1970-11-08T11:30:31+00:00,3,3
896,Elizabeth Ramsey,1988-05-10T18:06:31+00:00,3,1
897,Miranda Rowe,1987-12-19T12:26:34+00:00,3,1
898,Michael Johnson,1971-10-14T18:37:39+00:00,2,2
899,Jerry Reynolds,2018-04-27T17:26:13+00:00,1,3
900,April Nelson,1975-03-11T16:53:34+00:00,1,1
901,Christopher Yu DDS,1981-01-13T22:21:45+00:00,3,1
902,Mrs. Traci Williams,1992-01-18T10:23:56+00:00,1,2
903,Kelsey Le,2017-04-23T00:15:11+00:00,3,3
904,Nancy Ford,1994-11-24T03:14:53+00:00,2,1
905,Daniel Cisneros,1973-03-12T01:04:36+00:00,3,1
906,Joseph Johnson,2011-08-26T23:11:55+00:00,2,3
907,Gerald Russo,2018-08-20T23:20:03+00:00,1,3
908,Daniel Gonzalez,1995-12-05T20:01:48+00:00,1,3
909,Robert Carlson,1999-07-15T06:22:27+00:00,1,3
910,Rodney Mendoza,1974-06-30T14:24:01+00:00,2,1
911,Michael Clark,1975-05-23T05:25:11+00:00,3,3
912,Steven Madden,1970-08-24T21:46:27+00:00,1,3
913,Christopher Bennett,2003-11-13T00:47:26+00:00,1,2
914,Stephen Cohen,2022-10-19T23:33:48+00:00,3,3
915,Mr. Christopher Romero DDS,1972-07-23T00:28:19+00:00,3,3
916,Ralph Carr,2004-08-08T04:40:03+00:00,2,3
917,Stephanie Perry,1990-01-06T11:31:12+00:00,3,2
918,Jeffery Baxter,1980-12-16T01:55:27+00:00,3,1
919,Erica Henson,2005-04-23T20:55:44+00:00,2,2
920,Laura Flores MD,1992-08-31T23:36:10+00:00,1,1
921,Joseph Bailey,1985-01-26T14:51:58+00:00,2,3
922,Linda Sutton,1994-10-23T18:27:57+00:00,1,1
923,Melvin Cabrera,2000-11-28T11:40:36+00:00,3,1
924,Michael Mccormick,1998-03-29T20:05:30+00:00,3,2
925,Loretta Garcia,2011-01-14T02:40:23+00:00,2,3
926,Denise Martinez,1994-08-30T01:35:53+00:00,2,3
927,Victoria Wise,2000-05-12T21:40:07+00:00,2,2
928,Daniel Johnston Jr.,2002-06-09T11:25:52+00:00,1,1
929,Dana Cain,2011-03-15T07:27:10+00:00,3,1
930,Colton Wright,1991-11-28T01:15:34+00:00,1,3
931,Stacy Huffman,1975-01-21T05:39:15+00:00,1,1
932,James Mullins,1995-11-08T15:17:58+00:00,2,1
933,Kyle Mitchell,1979-02-04T15:57:48+00:00,3,3
934,Zachary Mora,2012-03-03T18:20:50+00:00,3,1
935,Michael Marshall,2002-07-02T21:22:19+00:00,1,3
936,Catherine West,1988-01-17T23:37:14+00:00,2,2
937,Tammy Chen,2011-04-12T20:53:42+00:00,2,1
938,Matthew Lawson,1990-07-05T02:41:14+00:00,1,3
939,Eugene Morris,1975-12-21T18:06:23+00:00,1,3
940,Bradley Wright,2013-05-19T09:40:13+00:00,2,1
941,Lindsey Garcia,1999-01-03T16:46:32+00:00,1,2
942,Kim Mendez,1987-06-13T10:48:11+00:00,3,3
943,Scott Phelps,2017-09-23T16:29:19+00:00,1,3
944,Michael Ramos,2010-05-30T21:08:32+00:00,2,2
945,William Chung,1997-07-07T02:52:24+00:00,3,1
946,Jennifer Morales,1998-02-03T12:42:27+00:00,3,1
947,Heather Solomon,2019-01-22T02:39:26+00:00,3,2
948,Tiffany Juarez,1993-11-10T15:13:46+00:00,2,2
949,Jennifer Baxter,1970-04-21T20:08:15+00:00,2,3
950,Paul Williams,1971-11-16T23:53:45+00:00,1,3
951,Carrie Cantu,2013-01-30T09:22:50+00:00,2,1
952,Diana Aguilar,2004-03-07T01:13:17+00:00,3,2
953,Tiffany Jones,1995-11-10T05:46:56+00:00,1,2
954,John Manning,2011-12-20T22:16:26+00:00,3,3
955,Jonathan Ibarra,1986-11-28T15:55:18+00:00,1,1
956,Kevin Larsen,1989-02-21T00:29:49+00:00,1,2
957,David Castillo,1993-07-12T23:42:38+00:00,1,3
958,Beth Webb,2017-08-09T20:58:38+00:00,1,1
959,Stephanie Smith,1978-04-14T11:45:50+00:00,3,1
960,Linda Harding,2003-09-27T03:21:56+00:00,3,2
961,Lisa Anderson,1984-08-21T00:00:34+00:00,2,2
962,Anne Gordon,1981-05-12T06:47:22+00:00,3,2
963,Matthew Hernandez,1986-10-05T20:19:51+00:00,1,2
964,Carol Barton,2022-12-31T07:50:58+00:00,1,3
965,Christopher Myers,1981-11-14T07:57:15+00:00,3,3
966,Joshua Martin,1988-05-08T03:48:49+00:00,1,1
967,Michael Horton,1997-12-31T17:35:51+00:00,3,3
968,Cynthia Mcdaniel,2013-11-05T12:05:21+00:00,3,2
969,Dylan Baxter,2001-10-02T23:48:42+00:00,3,3
970,Jennifer Sanchez,2021-12-27T00:46:06+00:00,3,2
971,Cassandra Mccoy,1998-08-17T07:13:19+00:00,2,3
972,Patricia Brown,1986-09-13T21:11:23+00:00,2,1
973,Michael Meyers,2005-10-28T15:00:59+00:00,2,1
974,Joanne Davis,1981-06-02T15:10:19+00:00,1,2
975,Stephanie Perkins,2016-09-12T01:33:42+00:00,1,2
976,Edward Powell,2015-04-30T07:42:14+00:00,1,1
977,Susan Combs,1976-03-01T03:56:32+00:00,1,1
978,Mackenzie Camacho,1976-03-21T09:49:53+00:00,1,3
979,Nicole Johnson,1993-06-04T09:30:02+00:00,3,1
980,Jonathan Thompson,2012-01-20T21:44:21+00:00,2,2
981,Katherine Smith,1999-01-27T06:56:52+00:00,2,3
982,Michael Bauer,2015-01-22T20:45:54+00:00,2,3
983,Ashley Mckinney,2020-03-11T13:32:26+00:00,3,3
984,Sherry House,1972-01-31T05:32:02+00:00,2,2
985,William Poole,1997-05-27T02:31:47+00:00,1,3
986,Lisa Martin,1995-04-18T12:11:39+00:00,3,1
987,Linda Murphy,1973-01-18T07:20:40+00:00,1,1
988,Randall Brewer,2009-12-04T03:58:45+00:00,2,1
989,Megan Henson,2022-08-12T20:18:36+00:00,2,3
990,Linda Reynolds,1993-07-03T19:10:37+00:00,3,1
991,Sharon Lee,1984-11-27T22:08:17+00:00,1,3
992,Christopher Campbell,2018-11-10T15:00:54+00:00,2,2
993,Danielle Larson,1984-06-26T06:25:22+00:00,1,2
994,Rachael Reed,1993-02-15T07:13:09+00:00,3,3
995,Melissa Rodriguez,2013-02-11T12:04:39+00:00,3,3
996,Dustin Thomas,2011-02-06T07:34:56+00:00,3,3
997,Lauren Rivas,1975-06-07T20:49:00+00:00,3,2
998,Jamie Beck,2019-04-06T20:20:53+00:00,3,1
999,Donald Hughes,2014-11-03T21:37:51+00:00,2,1
1000,Luke Morgan,2020-01-06T00:50:08+00:00,3,1
